key,url
,
Southwest Key,http://www.swkey.org
ICE,http://ice.gov
Shenandoah Valley Juvenile Center Commission,https://www.svjc.org
A New Leaf,http://www.turnanewleaf.org/
Catholic Charities,https://www.catholiccharitiesusa.org/
United Methodist Church of Christ,http://www.boardofchildcare.org/
The Children's Inc,
State of CA,
Child Welfare League of America,https://www.cwla.org/
Rising Ground,https://www.risingground.org/
Our Kids Inc.,https://www.risingground.org/
Cape Canaveral contractor,
t. Mary’s Villa for Children and Families,https://www.risingground.org/
U.S. Customs and Border Protection,https://www.cbp.gov/
Catholic Charities of the Archdiocese of New York,https://catholiccharitiesny.org/
Lutheran Social Services of NY,https://lssny.org/
Lutheran Social Services of the South,http://www.carf.org/providerProfile.aspx?cid=127947
Sisters of Mercy-Federal Government,https://www.mercyfirst.org/
"Department of Children and Family Services of Los Angeles County, Children and Family Services San Bernardino County, Department of Public and Social Services Riverside County, and Orange County Social Services Agency",http://www.nalcs.org/
Gordon Johnson,https://www.neighbortofamily.org
Noank Baptist Church,https://www.neighbortofamily.org
Catholic Charities of the Archdiocese of San Antonio,
Sisters of Charity of the Incarnate Word,
Texas Court Appointed Special Advocates,