This tab is for notes and links. Just add a note or link per line.,,,,,,,,,,,,
GENERAL INFO,,,,,,,,,,,,
List of Mexico–United States border crossings,,,https://en.wikipedia.org/wiki/List_of_Mexico%E2%80%93United_States_border_crossings,,,,,,,,,
Southwest Border Migration FY2018,,,https://www.cbp.gov/newsroom/stats/sw-border-migration,,,,,,,,,
Detention by the Numbers,,,https://www.freedomforimmigrants.org/detention-statistics/,,,,,,,,,
Your Rights in the Border Zone,,,https://www.aclu.org/blog/immigrants-rights/immigrants-rights-and-detention/your-rights-border-zone,,,,,,,,,
#FindTheChildren Info Sheet ,,,https://docs.google.com/document/d/1EphAMZCP3iDU7Yaiv9T0dysafclL9Fup9P8GBx05j14/edit,,,,,,,,,
Untangling Trump’s Mass Deportation Agenda,,,https://www.nilc.org/2018/06/15/untangling-trumps-mass-deportation-agenda/,,,,,,,,,
FAQs about Separation of Families at the Border,,,https://www.hopeborder.org/faqs-family-separation,,,,,,,,,
Explainer on Obama/private corps,,,https://threadreaderapp.com/thread/1008902662828511232.html,,,,,,,,,
"Nara Milanich on ""baby jails"" under Obama",,,https://www.tandfonline.com/doi/full/10.1080/10714839.2017.1331812,,,,,,,,,
Sarah Lopez (Architecture UT-Austin) Texas Spatial Stories of Migration and Detention exhibit ,,,https://statesofincarceration.org/states/texas-spatial-stories-migration-and-detention,,,,,,,,,
Carto map of Texas Detention Center Expansion since 1984 by Josephine Hill,,,https://josephinehill.carto.com/viz/6c323c9e-9aa5-11e5-854c-0ecd1babdde5/public_map,,,,,,,,,
Imigration Policies,,,https://www.migrationpolicy.org/about/mission,,,,,,,,,
Immigration and Citizenship info,,,https://www.usa.gov/immigration-and-citizenship,,,,,,,,,
Fact Sheet: Family Seperation at US-Mexico Border and other info regarding Family Seperation,,,https://immigrationforum.org/article/factsheet-family-separation-at-the-u-s-mexico-border/,,,,,,,,,
Families Belong Together,,,https://www.familiesbelongtogether.org/,,,,,,,,,
U.S. Detention and Removal of Asylum Seekers: An International Human Rights Law Analysis (2016),,,https://law.yale.edu/system/files/area/center/schell/human_rights_first_-_immigration_detention_-_final_-_20160620_for_publication.pdf,,,,,,,,,
Punishing Refugees and Migrants: The Trump Administration’s Misuse of Criminal Prosecutions,,,https://www.humanrightsfirst.org/sites/default/files/2018-Report-Punishing-Refugees-Migrants.pdf,,,,,,,,,
National Inmigration Law Center,,,https://www.nilc.org/issues/immigration-enforcement/,,,,,,,,,
,,,,,,,,,,,,
JOURNALISM,,,,,,,,,,,,
Hundreds of Children...,,,https://www.apnews.com/9794de32d39d4c6f89fbefaea3780769,,,,,,,,,
Arrests hit 40 year low,,,https://www.npr.org/2017/12/05/568546381/arrests-for-illegal-border-crossings-hit-46-year-low,,,,,,,,,
Jeff Sessions claims asylum system rampant with fraud and abuse,,,http://www.politifact.com/truth-o-meter/statements/2017/oct/19/jeff-sessions/jeff-sessions-claim-about-asylum-system-fraudulent/,,,,,,,,,
[About ACLU suit] Judge Calls Trump’s Border Separations of Children ‘Brutal’,,,https://www.bloomberg.com/news/articles/2018-06-07/aclu-suit-over-child-separations-at-border-may-proceed-judge,,,,,,,,,
Understanding The Administration’s Monstrous Immigration Policies,,,https://www.currentaffairs.org/2018/06/understanding-the-administrations-monstrous-immigration-policies,,,,,,,,,
"[kids attempting suicide, mention of ""youth shelters""]",,,http://www.latimes.com/nation/la-na-border-migrant-shelter-20180614-story.html,,,,,,,,,
Inside the administration’s $1 billion deal to detain Central American asylum seekers,,,https://www.washingtonpost.com/business/economy/inside-the-administrations-1-billion-deal-to-detain-central-american-asylum-seekers/2016/08/14/e47f1960-5819-11e6-9aee-8075993d73a2_story.html?noredirect=on&utm_term=.052cfc2ef578,,,,,,,,,
,,,,,,,,,,,,
DATA SOURCES,,,,,,,,,,,,
Aprehensiones de Unidades Familiares...,,,http://observatoriocolef.org/?mapas=aprehensiones-de-unidades-familiares-por-patrulla-fronteriza-de-estados-unidos-ano-fiscal-2018-octubre-abril,,,,,,,,,
Southwest Border Migration FY2018,,,https://www.cbp.gov/newsroom/stats/sw-border-migration,,,,,,,,,
ICE Detention Facility Locator,,,https://www.ice.gov/detention-facilities,,,(HUTTO is the original one),,https://www.ice.gov/detention-facility/t-don-hutto-residential-center,,,,They apparently lost their license to house children in 2009 after an ACLU lawsuit (per January 2018 report)
Immigration Detention Justice Center,,,http://www.immigrationdetention.org/,,,,,,,,,
Deportation Hearings Filed in Immigration Court (includes detention facilities - but not limited to kids) ,,,http://trac.syr.edu/phptools/immigration/charges/deport_filing_charge.php,,,,,,,,,
Licensed childcare providers Tx (includes but not limited to non-governmental detention centers) ,,,http://www.dfps.state.tx.us/child_care/search_texas_child_care/ppFacilitySearchResults.asp?res_Care_Flag=T&txt_Operation_Name=&txt_Street_Address=&txt_Location_City=&slt_County=&txt_Zip_Code=&slt_Operation_Type=&slt_Issuance_Type=&btn_facDCSearch=Search&apfs=&gender_served=&slt_Programs_Provided=&chk_Emotional_Disorders=&chk_Mental_Retardation=&chk_Pervasive_Develpmental_Disorder=&chk_Primary_Needs=&chk_Therapeutic_Camp=&chk_Transitional_Living=&chk_Emergency_Care=&chk_Assessment_Services=&pagenum=26,,,,,,,,,
List of detention facilitites indicating departure from ICE detention for FY15 (can sort by facility type including juvenile - challenge is cross referencing w/other information to determine which are relevant),,,http://trac.syr.edu/immigration/detention/exit.shtml,,,,,,,,,
2017 grants from federal gov't to shelter providers,,,https://www.federalregister.gov/documents/2017/06/23/2017-13081/announcement-of-the-award-of-43-single-source-low-cost-extension-supplement-grants-within-the-office,,,,,,,,,
Indian land dataset,,,https://nationalmap.gov/small_scale/atlasftp.html#indlanp,,,,,,,,,
USA Spending - who's getting the govt's $$ (e.g. Southwest Key got ~$1B since 2014),,"Search results for ""refugee"" (trying to see who got ORR $$) https://www.usaspending.gov/#/search/eafd07814c4e317e1eecc59550757cdb ",https://www.usaspending.gov/#/search,,,,,,,,,
Ports of entry,,,https://www.cbp.gov/contact/ports,,,,,,,,,
One Map That Shows...,,,https://www.vox.com/2015/2/7/7993273/border-port-map,,,,,,,,,
November 2017 ICE Detention Facility Lists National Immigrant Justice Center,,,https://www.scribd.com/document/373733514/November-2017-ICE-Detention-Facility-Lists#from_embed,,,,,,,,,
"Feds Holding 1,000 Migrant Children at Miami-Area Compound, Lawmaker Says",,,http://www.miaminewtimes.com/news/1000-migrant-children-held-in-homestead-florida-wasserman-schultz-says-10451472,,,,,,,,,
,,,,,,,,,,,,
COMPANIES,,,,,,,,,,,,
Southwest Key Groups:,,,http://www.swkey.org/programs/shelters/,Runs 27 shelters,**not all SWKey facilities are detention centers. Ones listed on detention center tab are *confirmed* holding minors using TRAC data http://trac.syr.edu/phptools/reports/reports.php?layer=immigration&report_type=report and recent job ads,,,,,,,
GeoGroup Locations,,,https://www.geogroup.com/Locations,,,,,,,,,
MVM Inc,,,https://mvminc.wd1.myworkdayjobs.com/en-US/mvmcareers/job/Homestead-FL/Youth-Travel-Escort_R-1800092,,,,,,,,,
International Educational Services,,They have apparently been shutdown & lost gov't contract for abuses,,,,,,,,,,
Lutheran Immigration and Refugee Services,,They subcontact out - esp. to Catholic Charities branches,https://www.lirs.org/,,,,,,,,,
Baptist Family and Child Services ,,Gets big gov't $$$ but actually finding shelters is a dead end. We do know that in 2014 they were subcontracted to run a temporary shelter at DOD Joint Base Lakeland http://time.com/3066459/unaccompanied-minor-immigration-border/,,,,,,,,,,
,,,,,,,,,,,,
NOTES,,,,,,,,,,,,
According to the Independent there are 100 facilities holding children,,,,,,,,,,,,
Map of shelters based on 2013 FOIA (we could do another FOIA if we can't find current data) https://www.motherjones.com/crime-justice/2014/06/surge-unaccompanied-child-migrant-shelters/,,,,,,,,,,,,
Hence looking at current companies who are being mobilized for effort post 2014.,,,,,,,,,,,,
Map of children's shelters in Texas 2014 ,https://www.texastribune.org/2014/06/24/federal-childrens-shelters-texas/,,,,,,,,,,,
The child detention centers aren't showing up on the ICE detention center search not directly run by the US gov't,,,,,,,,,,,,
"Short term holding facility - CPC (Central Processing Center) Ursula 3700 W Ursula Ave, McAllen, TX 78503",,,,,,,,,,,,
Eloy Detention Center ,"US Immigration and Customs Enforcement, 1705 E Hanna Rd, Eloy, AZ 85131",,,,,,,,,,,
Florence Service Processing Center,"3250 N Pinal Pkwy Ave, Florence, AZ 85132",,,,,,,,,,,
"Flores Settlement Ruling from 2015, that Trump is looking to overturn by sep detention:",https://www.nytimes.com/2015/07/26/us/detained-immigrant-children-judge-dolly-gee-ruling.html,,,,,,,,,,,
organizations fighting this policy  https://slate.com/news-and-politics/2018/06/how-you-can-fight-family-separation-at-the-border.html,,,,,,,,,,,,
Direct call for volunteers from Texas Civil Rights Project: https://texascivilrightsproject.org/keepfamiliestogether-volunteer/,,,,,,,,,,,,
Volunteer link for Karnes Pro Bono Project: https://spark.adobe.com/page/M920xOBkrm0W0/,,,,,,,,,,,,
Volunteer form for RAICES: https://actionnetwork.org/forms/sign-up-to-volunteer-with-raices?source=direct_link&,,,,,,,,,,,,
Volunteer form for Immigrant Accompaniment Project: https://actionnetwork.org/forms/accompaniment-network?source=direct_link&,,,,,,,,,,,,
Form for direct call for action from Mijente: https://docs.google.com/forms/d/e/1FAIpQLSdGGQbOzjN6rBqtLgnYh53kg0cjhfZC4Fy7TblqO_syOUrhXA/viewform,,,,,,,,,,,,
"Volunteer page for Diocesan Migrant & Refugee Services, Inc. (DMRS): http://www.dmrs-ep.org/get-involved/",,,,,,,,,,,,
Volunteer page for Las Americas Immmigrant Advocacy Center: http://las-americas.org/get-involved-2/volunteer/,,,,,,,,,,,,
Volunteer page for Houston Immigration Legal Services Collaborative: https://www.houstonimmigration.org/volunteer/,,,,,,,,,,,,
Volunteer page for Houston Justice for Our Neighbors: http://jfonhouston.org/take-action/,,,,,,,,,,,,
NETA media platform from the Rio Grande Valley @netargv   www.netagrv.com ,,,,,,,,,,,,