latitude,longitude,dco,detloc,countOfORRs,source,Name - vlookup
39.783559,-104.848808,DEN,DENHOLD,1,ICE-big-list,DENVER HOLD ROOM
40.728432,-74.005437,VRK,VRK,13,ICE-big-list,VARICK STREET DETENTION CENTER
29.95204,-95.312044,HOU,HOUHOLD,21,ICE-big-list,HOUSTON FIELD OFFICE HOLD ROOM
26.2002,-97.71681,HLG,HLGHOLD,21,ICE-big-list,HARLINGEN HOLD ROOM
42.887987,-78.877725,BUF,BUFHOLD,1,ICE-big-list,BUFFALO HOLD ROOM
39.960012,-75.165295,PHI,PHIHOLD,5,ICE-big-list,PHILADELPHIA DISTRICT OFFICE HOLD ROOM
45.515284,-122.676087,POO,POOHOLD,4,ICE-big-list,PORTLAND DISTRICT OFFICE
29.522121,-98.391956,SNA,SNAHOLD,13,ICE-big-list,SAN ANTONIO DRO HOLD ROOM
38.880675,-77.229338,WAS,WASHOLD,6,ICE-big-list,WASHINGTON FIELD OFFICE
37.796455,-122.401714,SFR,SFRHOLD,7,ICE-big-list,SFR HOLD ROOM
32.82514,-96.87117,DAL,DALHOLD,6,ICE-big-list,DALLAS FIELD OFFICE HOLD ROOM
29.39471,-100.899887,DLR,DLRHOLD,1,ICE-big-list,DEL RIO HOLD ROOM
25.925868,-80.153735,MIA,MIAHOLD,17,ICE-big-list,MIAMI DISTRICT
33.750491,-118.296675,LOS,LOSHOLD,7,ICE-big-list,LOS ANGELES CUSTODY CASE
42.343346,-83.009676,DET,DETHOLD,6,ICE-big-list,"U.S. IMMIGRATION, DETROIT"
25.75506,-80.437893,KRO,KRO,2,ICE-big-list,KROME NORTH SERVICE PROCESSING CENTER
47.492384,-122.292496,SEA,SEAHOLD,9,ICE-big-list,SEATTLE FIELD OFFICE HOLD ROOM
33.470625,-112.073702,PHO,PHOHOLD,22,ICE-big-list,PHOENIX DISTRICT OFFICE
41.896627,-87.631811,CHI,CHIHOLD,16,ICE-big-list,INS AIRPORT HOLD
31.793411,-106.369373,EPC,EPC,3,ICE-big-list,EL PASO SERVICE PROCESSING CENTER
42.48526,-71.211469,BOS,BOSHOLD,2,ICE-big-list,BOSTON HOLD ROOM
40.705141,-111.869687,SLC,SLCHOLD,1,ICE-big-list,SALT LAKE CITY HOLD ROOM
32.992938,-117.162631,SND,SNDHOLD,2,ICE-big-list,SAN DIEGO DISTRICT STAGING
39.256226,-76.683357,BAL,BALHOLD,4,ICE-big-list,BALTIMORE DD&P
27.92485,-82.379447,TAM,TAMHOLD,1,ICE-big-list,TAMPA HOLD ROOM
39.671492,-75.714329,NEW,NEWHOLD,2,ICE-big-list,NEW/INS OS HOLD ROOM
40.714936,-74.003227,NYC,NYCHOLD,5,ICE-big-list,NYC FIELD OFFICE
31.793411,-106.369373,ELP,ELPHOLD,4,ICE-big-list,EL PASO HOLD ROOM
35.424242,-97.59675,OKC,OKCHOLD,1,ICE-big-list,OKLAHOMA CITY HOLD ROOM
33.470625,-112.073702,PIT,PHOHOLD,1,ICE-big-list,PHOENIX DISTRICT OFFICE
33.747549,-84.39569,ATL,ATLANGA,2,ICE-big-list,ATLANTA CITY DETENTION CENTER
35.018129,-94.389464,HAR,HARHOLD,1,ICE-big-list,HARTFORD OFFICE