DETLOC,Name,Addr,Type
ADLNTCA,Adelanto ICE Processing Center,"10400 Rancho Road, Adelanto, CA 92301",U.S. Corrections and Detention
JENATLA,Alexandria Staging Facility,"96 George Thompson Drive, Alexandria, LA 71303",U.S. Corrections and Detention
,Alhambra Jail,"211 South First Street, Alhambra, CA 91801",U.S. Corrections and Detention
,Arizona State Prison - Florence West,"915 East Diversion Dam Road, PO Box 1599, Florence, AZ 85232",U.S. Corrections and Detention
,Arizona State Prison - Phoenix West,"3402 West Cocopah Street, Phoenix, AZ 85009",U.S. Corrections and Detention
,Arizona State Prison–Kingman,"4626 W. English Drive, Golden Valley, AZ 86414",U.S. Corrections and Detention
,Aurora ICE Processing Center,"3130 North Oakland Street, Aurora, CO 80010",U.S. Corrections and Detention
,Baldwin Park Jail,"14403 East Pacific Avenue, Baldwin Park, CA 91706",U.S. Corrections and Detention
,Bay Correctional Facility,"5400 Bayline Drive, Panama City, FL 32404",U.S. Corrections and Detention
,Big Spring Correctional Center,"1701 Apron Drive, Big Spring , TX 79720",U.S. Corrections and Detention
,Blackwater River Correctional Facility,"5914 Jeff Ates Road, Milton, FL 32583",U.S. Corrections and Detention
BROKSTX,Brooks County Detention Center,"901 County Road 201, Falfurrias, TX 78355",U.S. Corrections and Detention
,Broward Transition Center,"3900 North Powerline Road, Deerfield Beach, FL 33073",U.S. Corrections and Detention
,Central Arizona Correctional Facility,"1401 E. Diversion Dam Road, Florence, AZ 85132",U.S. Corrections and Detention
,Central Regional Office,"1777 NE Loop 410, Suite 1100, San Antonio, TX 78217",U.S. Corrections and Detention
,Central Texas Detention Facility,"218 South Laredo Street, San Antonio , TX 78207",U.S. Corrections and Detention
,Central Valley MCCF,"254 Taylor Avenue, McFarland, CA 93250",U.S. Corrections and Detention
,Coastal Bend Detention Center,"4909 FM 2826, Robstown, TX 78380",U.S. Corrections and Detention
,Columbiana County Jail,"8473 County Home Road Post Office Box 540 Lisbon, OH 44432",U.S. Corrections and Detention
,Crossroads Reception Center,"675 E Washington St. Indianapolis, IN 46204",U.S. Corrections and Detention
,D. Ray James Correctional Facility,"3262 Highway 252, Folkston , GA 31537",U.S. Corrections and Detention
,Delaney Hall,"451 Doremus Ave. Newark, NJ 07105",U.S. Corrections and Detention
,Desert View MCCF,"10450 Rancho Rd, Adelanto, CA 92301",U.S. Corrections and Detention
,Downey City Jail - LA County,"10911 Brookshire Avenue, Downey, CA 90241",U.S. Corrections and Detention
,East Hidalgo Detention Center,"1300 Highway 107, LaVilla, TX 78562",U.S. Corrections and Detention
,Eastern Regional Office,"13777 Ballantyne Corporate Place, Suite 200, Charlotte, NC 28277",U.S. Corrections and Detention
,Ector County Correctional Center,"301 N Texas Street Odessa, TX 79761",U.S. Corrections and Detention
,Fannin County Detention Center & South Jail Annex,"2389 Silo Road Bonham, TX 75418",U.S. Corrections and Detention
,Flightline Correctional Center,"2001 Rickabaugh Dr, Big Spring, TX 79720",U.S. Corrections and Detention
,Folkston ICE Processing Center,"3026 Hwy 252 E Folkston, GA 31537, PO Box address: PO Box 98 Folkston, GA 31537",U.S. Corrections and Detention
,Fontana City Jail,"17005 Upland Avenue, Fontana , CA 92335",U.S. Corrections and Detention
,Garden Grove City Jail,"11301 Acacia Parkway, Garden Grove, CA 92840",U.S. Corrections and Detention
,George W. Hill Correctional Facility,"500 Cheyney Rd, Glen Mills, PA 19342",U.S. Corrections and Detention
,Golden State Modified Community Correctional Facility,"611 Frontage Road, McFarland, CA 93250",U.S. Corrections and Detention
,Graceville Correctional Facility,"5168 Ezell Road, Graceville, FL 32440",U.S. Corrections and Detention
,Great Plains Correctional Facility,"700 Sugar Creek Drive, Hinton, OK 73047",U.S. Corrections and Detention
,Guadalupe County Correctional Facility,"South Highway 54, PO Box 520, Santa Rosa, NM 88435",U.S. Corrections and Detention
,Heritage Trail Correctional Facility,"501 West Main Street, Plainfield , IN 46168",U.S. Corrections and Detention
,Joe Corley Processing Center,"500 Hilbig Street, Conroe, TX 77301",U.S. Corrections and Detention
,Karnes County Correctional Center,"810 Commerce Street, Karnes City, TX 78118",U.S. Corrections and Detention
,Karnes County Residential Center,"409 FM 1144, Karnes City, TX 78118",U.S. Corrections and Detention
,Kinney County Detention Center,"1501 Ranch Road 131 Brackettville, TX 78832",U.S. Corrections and Detention
,LaSalle ICE Processing Center,"830 Pinehill Road, PO Box 2826, Jena, LA 71342",U.S. Corrections and Detention
,Lawrenceville Correctional Center,"1607 Planters Road, Lawrenceville , VA 23868",U.S. Corrections and Detention
,Lawton Correctional Facility,"8607 South East Flower Mound Road, Lawton, OK 73501",U.S. Corrections and Detention
,Lea County Correctional Facility,"6900 West Millen Drive, Hobbs, NM 88240",U.S. Corrections and Detention
,Liberty County Jail,"2400 Beaumont Avenue Liberty, TX 77575",U.S. Corrections and Detention
,McFarland Female Community Reentry Facility,"120 Taylor Avenue, McFarland, CA 93250",U.S. Corrections and Detention
,Mesa Verde ICE Processing Center,"425 Golden State Avenue, Bakersfield, CA 93301",U.S. Corrections and Detention
,Montebello City Jail,"1600 West Beverly Boulevard, Montebello , CA 90640",U.S. Corrections and Detention
,Montgomery Processing Center,"Conroe,Texas",U.S. Corrections and Detention
,Moore Haven Correctional Facility,"1282 East State Road 78, Moore Haven, FL 33471",U.S. Corrections and Detention
,Moshannon Valley Correctional Center,"555 GEO Drive, Philipsburg, PA 16866",U.S. Corrections and Detention
,New Castle Correctional Facility,"1000 Van Nuys Road,  New Castle, IN 47362",U.S. Corrections and Detention
,Northeast New Mexico Detention Facility,"185 Dr. Michael Jenkins Road, Clayton, NM 88415",U.S. Corrections and Detention
,Ontario City Jail,"2500 South Archibald Avenue, Ontario, CA 91761",U.S. Corrections and Detention
,Pine Prairie ICE Processing Center,"1133 Hampton Dupre Road, Pine Prairie, LA 70576",U.S. Corrections and Detention
,Queens Detention Facility,"182-22 150th Avenue, Jamaica, NY 11413",U.S. Corrections and Detention
,Reeves County Detention Complex (R3),"100 West County Road 204, PO Box 2038, Pecos , TX 79772",U.S. Corrections and Detention
,Rio Grande Detention Center,"1001 San Rio Boulevard, Laredo, TX 78046",U.S. Corrections and Detention
,Riverbend Correctional Facility,"196 Laying Farm Road, Milledgeville, GA 31061",U.S. Corrections and Detention
,Rivers Correctional Institution,"145 Parker's Fishery Road, PO Box 840, Winton, NC 27986",U.S. Corrections and Detention
,Robert A. Deyton Detention Facility,"11866 Hastings Bridge Road, PO Box 429, Lovejoy, GA 30250",U.S. Corrections and Detention
,South Bay Correctional Facility,"600 US Highway 27 S, South Bay, FL 33493",U.S. Corrections and Detention
,South Texas ICE Processing Center,"566 Veteran Drive, Pearsall, TX 78061",U.S. Corrections and Detention
,Tacoma ICE Processing Center,"1623 East J Street, Tacoma, WA 98421",U.S. Corrections and Detention
,Val Verde Correctional Facility,"253 FM 2523 Hamilton Lane, Del Rio, TX 78840",U.S. Corrections and Detention
,Western Region Detention Facility at San Diego,"220 West C Street, San Diego, CA 92101",U.S. Corrections and Detention
,Western Regional Office,"6100 Center Drive, Suite 825, Los Angeles, CA 90045",U.S. Corrections and Detention
,World Headquarters,"One Park Place, Suite 700, 621 Northwest 53rd Street, Boca Raton, FL 33487",U.S. Corrections and Detention
,Arthur Gorrie Correctional Centre,"3068 Ipswich Road, Wacol, Queensland 4076",International
,Dungavel House Immigration Removal Centre,"Strathaven South Lanarkshire, Scotland ML10 6RF",International
,Fulham Correctional Centre,"110 Hopkins Road, Fulham, Victoria 3851",International
,Fulham Nalu Challenge Community Unit,"110 Hopkins Road, Fulham, Victoria 3851",International
,Junee Correctional Centre,"Park Lane Junee, New South Wales 2663",International
,Kutama Sinthumule Correctional Center,"Sparrow Road, Makhado, Limpopo 0920",International
,Parklea Correctional Centre,"66 Sentry Drive, Parklea, NSW 2768",International
,Ravenhall Correctional Centre,"97 Riding Boundary Road,  Ravenhall  VIC  3023",International
,The GEO Group Australia Pty Ltd.,"44 Market Street, Sydney, NSW 2000",International
,The GEO Group UK Limited,"Honey Lane Hurley, Hurley SL6 6RL",International
,New Mexico Women’s Recovery Academy,"6000 Isleta Blvd. SW Albuquerque, NM 87105",Reentry Services
,ADAPPT,"428 Walnut St. Reading, PA 19601",Reentry Services
,Alabama Therapeutic Education Facility,"102 Industrial Parkway P.O. Box 1970 Columbiana, AL 35051",Reentry Services
,Albert M. “Bo” Robinson Assessment & Treatment Center,"377 Enterprise Ave. Trenton, NJ 08638",Reentry Services
,Alle Kiski Pavilion,"1704 Fourth Ave. Arnold, PA 15068",Reentry Services
,Antelope Valley Day Reporting Center,"43423 Division Street, #303, Lancaster CA 93535",Reentry Services
,Arapahoe County Residential Center,"2135 W. Chenango Ave. Littleton, CO 80120",Reentry Services
,Beaumont Transitional Treatment Center,"2495 Gulf Street, Beaumont, TX 77703",Reentry Services
,Bronx Community Reentry Center,"2534 Creston Avenue, Bronx, NY 10468",Reentry Services
,Casper Reentry Center,"10007 Landmark Lane P.O. Box 2380 Casper, WY 82604",Reentry Services
,Chester County,"201 E. 12th St. Chester, PA 19013",Reentry Services
,Cheyenne Mountain Reentry Center,"2925 East Las Vegas St. Colorado Springs, CO 80906",Reentry Services
,Coleman Hall,"3950 D Street Philadelphia, PA 19124",Reentry Services
,Community Alternatives Of El Paso County,"2945 E. Las Vegas St. Colorado Springs, CO 80906",Reentry Services
,Community Alternatives Of The Black Hills,"5031 Highway 79 Rapid City, SD 57701",Reentry Services
,Compton Day Reporting Center,"322 W. Compton Blvd, Compton CA, 90220",Reentry Services
,Contra Costa County Day Reporting Center,"120 Broadway Avenue #4, Richmond California 94804",Reentry Services
,Cordova Center,"130 Cordova Street, Anchorage, AK 99501",Reentry Services
,Correctional Alternative Placement Services,"445 Ranney Street Craig, CO 81625",Reentry Services
,El Monte Center,"11750 Ramona Blvd, El Monte, CA 91732",Reentry Services
,Grossman Center,"4715 Brewer Place, Leavenworth, KS 66048",Reentry Services
,Hoffman Hall,"3950B D Street Philadelphia, PA 19124",Reentry Services
,Las Vegas Community Correctional Center,"2901 Industrial Road, Las Vegas , NV 89109",Reentry Services
,Leidel Residential Reentry Center,"1819 Commerce Street, Houston , TX 77002",Reentry Services
,Logan Hall,"20 Toler Place Newark, NJ 07114",Reentry Services
,Long Beach Community Reentry Center,"2233 E. 69th St. Long Beach, CA 90805",Reentry Services
,Marvin Gardens Center,"9411 South Central Avenue, Los Angeles, CA 90002",Reentry Services
,McCabe Center,"1915 E. Martin Luther King Blvd, Austin, TX 78702",Reentry Services
,Mid Valley House,"2520 S. Expressway 281, Edinburg, TX 78539",Reentry Services
,Midtown Center,"2508 Margies Place, Anchorage, AK 99503",Reentry Services
,New Mexico Men’s Recovery Academy,"1000 W. Main St. Los Lunas, NM 87031",Reentry Services
,Northstar Center,"Mile 353.5 Park Hwy, Fairbanks, AK 99709",Reentry Services
,Oakland Street Center,"205 MacArthur Blvd, Oakland, CA 94610",Reentry Services
,Oxford Facility,"1917 West Oxford St. Philadelphia, PA 19121",Reentry Services
,Penn Pavilion,"701 Penn Ave. New Brighton, PA 15066",Reentry Services
,Reality House,"5965 N. Expressway 77/83, Brownsville, TX 78520",Reentry Services
,Roth Hall,"600 E. Luzerne St. Philadelphia, PA 19124",Reentry Services
,Salt Lake City Center,"1585 West 2100 South, Salt Lake City, UT 84119",Reentry Services
,Scranton Facility,"539 Linden St. Scranton, PA 18503",Reentry Services
,Seaside Center,"108 Front Street, Nome, AK 99762",Reentry Services
,Solano County Day Reporting Center,"1525 Webster Street, Suite A2, Fairfield, CA 94533",Reentry Services
,Southeast Texas Transitional Center,"10950 Beaumont Highway, Houston, TX 77078",Reentry Services
,Talbot Hall,"100-140 Lincoln Highway and Hackensack Avenue Kearny, NJ 07032",Reentry Services
,Taylor Street Center,"111 Taylor Street, San Francisco, CA 94102",Reentry Services
,The Harbor,"300 Frelinghuysen Ave. Newark, NJ 07114",Reentry Services
,Toler House,"20 Toler Place Newark, NJ 07114",Reentry Services
,Tooley Hall,"4280 Kearney Street Denver, CO 80216",Reentry Services
,Tully House,"28 Peerless Place Newark, NJ 07114",Reentry Services
,Tundra Center,"680 Ridgecrest, Bethel, AK 99559",Reentry Services
,Walker Hall,"600 E. Luzerne St. Philadelphia, PA 19124",Reentry Services
,West Orange County Day Reporting Center,"14180 Beach Blvd. #120, Westminster, CA 92683",Reentry Services
,Williams Street Center,"1763 Williams St. Denver CO, 80218",Reentry Services
,ADAPPT Reentry Service Center,"The Madison, 400 Washington St. Suite 1202 Reading, PA 19601",Non-Residential Reentry
,Atlantic City CRC,"26 S. Pennsylvania Avenue, 4th floor, Atlantic City, NJ 08401",Non-Residential Reentry
,Aurora Day Reporting Center/Electronic Monitoring,"15290 E. 6th Avenue, Suite 160, Aurora, CO 80011",Non-Residential Reentry
,Baton Rouge Day Reporting Center,"2751 Wooddale Boulevard  Baton Rouge, LA 70805",Non-Residential Reentry
,Cambria County Day Reporting Center,"499 Manor Drive, Ebensburg, PA  15931",Non-Residential Reentry
,Chatham Reentry Services Center,"8007 S. Cottage Grove, Suite A, Chicago, IL 60619",Non-Residential Reentry
,Chicago Heights Reentry Services Center,"1010 Dixie Highway, Lower Level, Chicago Heights, IL 60411",Non-Residential Reentry
,Chicago West Fulton Reentry Services Center,"2650 West Fulton, Suite 5, Chicago IL 60612",Non-Residential Reentry
,Covington Day Reporting Center,"19374 N. 3rd Street, Covington, LA 70433",Non-Residential Reentry
,Dauphin County Day Reporting Center,"2151 Greenwood Street, Harrisburg, PA 17104",Non-Residential Reentry
,Decatur Reentry Services Center,"876 W. Grand Avenue, East Side, Decatur, IL 62522",Non-Residential Reentry
,Denver Day Reporting Center/Electronic Monitoring,"1359 Court Place, Denver CO, 80204",Non-Residential Reentry
,Eagle  Day Reporting Center/Electronic Monitoring,"50 Chambers Ave Unit M, Eagle, CO 81631",Non-Residential Reentry
,East St. Louis Juvenile Day Reporting Center,"1798 Summit Ave, East St. Louis, IL 62205",Non-Residential Reentry
,East St. Louis Reentry Services Center,"10 Collinsville Avenue, Suite 201, East St. Louis, IL 62201-3005",Non-Residential Reentry
,El Centro Day Reporting Center,"1214 State Street, Suite B, El Centro, CA 92243",Non-Residential Reentry
,Elizabeth CRC,"208 Commerce Place, 2nd Floor, Elizabeth, NJ 07201-2320",Non-Residential Reentry
,Erie Outpatient Treatment,"3768 L Street Philadelphia, PA 19124",Non-Residential Reentry
,Franklin County Day Reporting Center,"550 West Loudon Street, Chambersburg, PA 17201",Non-Residential Reentry
,Fresno County Day Reporting Center,"2212 N Winery, Suite 122, Fresno, CA 93703",Non-Residential Reentry
,Frisco Day Reporting Center/Electronic Monitoring,"699 Summit, Unit K,  P.O. Box 5466, Frisco, CO 80443-5466",Non-Residential Reentry
,Greeley Day Reporting Center/Electronic Monitoring,"810 9th Street, #100, Greeley, CO 80631-1147",Non-Residential Reentry
,Imperial County Day Reporting Center,"324 Applestill Road, El Centro, CA 92243",Non-Residential Reentry
,Kern County Day Reporting Center,"500 Baker Street, Bakersfield, CA 93305",Non-Residential Reentry
,Lakewood Day Reporting Center/Electronic Monitoring,"2099 Wadsworth Boulevard, Unit P, Lakewood, CO 80214",Non-Residential Reentry
,Lancaster County Day Reporting Center,"439 E. King Street, Lancaster, PA  17601",Non-Residential Reentry
,Louisville Day Reporting Center,"600 West Cedar Street, Louisville, KY 40202",Non-Residential Reentry
,Luzerne Day Reporting Center,"125 North Wilkes-Barre Boulevard, Suite #4, Wilkes-Barre, PA 18702",Non-Residential Reentry
,Luzerne Electronic Monitoring,"125 North Wilkes-Barre Boulevard, Suite #4, Wilkes-Barre, PA 18702",Non-Residential Reentry
,Lycoming County Reentry Services Center,"330 Pine Street, Williamsport, PA 17701",Non-Residential Reentry
,Madera Day Reporting Center/Electronic Monitoring,"14235 Road 28, Madera, CA 93638",Non-Residential Reentry
,Madera Juvenile,"28261 Avenue 14, Madera, CA 93638-4906",Non-Residential Reentry
,Madera Probation Adult/Electronic Monitoring,"14227 Road 28, Madera, CA 93638",Non-Residential Reentry
,Mendocino Day Reporting Center,"579 Low Gap Road, Ukiah, CA 95482",Non-Residential Reentry
,Merced Day Reporting Center,"3345 M Street, Merced, CA 95348",Non-Residential Reentry
,Merced Day Reporting Center: Los Banos,"702 ""J"" Street, Los Banos, CA 93635",Non-Residential Reentry
,Monterey County Day Reporting Center,"427 Pajaro Street, Suite I, Salinas, CA 93901",Non-Residential Reentry
,Monterey County Jail Reentry Program,"1410 Natividad Road, Salinas, CA 93905",Non-Residential Reentry
,Napa County CCSC,"1125 Third Street, Napa, CA 94559",Non-Residential Reentry
,Neptune City CRC,"2040 6th Avenue, Suite A, Neptune City, NJ, 07753",Non-Residential Reentry
,Northglenn Day Reporting Center/Electronic Monitoring,"506 Malley Drive, Northglenn, CO 80233",Non-Residential Reentry
,Orange County Day Reporting Center,"901 W. Civic Center Drive, Suite 100, Santa Ana, CA 92703",Non-Residential Reentry
,Perth Amboy CRC,"207 New Brunswick Avenue, Perth Amboy, NJ 08861",Non-Residential Reentry
,Pomona CDCR - Los Angeles,"1295 E Holt Avenue, Pomona, CA  91767",Non-Residential Reentry
,Rockford Reentry Services Center,"119 N. Church Street, Suite 213, Rockford, IL 61101",Non-Residential Reentry
,San Diego Day Reporting Center,"3211 Jefferson Street, San Diego, CA. 92110",Non-Residential Reentry
,Santa Ana CDCR - Orange County,"1701 N Main Street, Suite 200, Santa Ana, CA  92706",Non-Residential Reentry
,Shasta County Day Reporting Center,"1415 Court Street, Redding, CA 96001",Non-Residential Reentry
,Shreveport Day Reporting Center,"2525 Youree Drive, Shreveport, LA 71104",Non-Residential Reentry
,Stockton Day Reporting Center,"1003 West Mathews Road, French Camp, CA 95231",Non-Residential Reentry
,STOP Placement Office,"15910 Hawthorne Blvd., Lawndale, CA 90260",Non-Residential Reentry
,Tulare County Electronic Monitoring (Visalia),"3311 S. Fairway, Visalia, CA 93277",Non-Residential Reentry
,Tuolumne County Day Reporting Center/Electronic Monitoring (Sonora),"1194 Highway 49, #202, Sonora, CA 95369",Non-Residential Reentry
,Ventura County Day Reporting Center,"4601 Telephone Road, Suites, 102, 103, and 106, Ventura, California 93003",Non-Residential Reentry
,Vineland Day Reporting Center,"1338 North Delsea Drive, Suite 4-5, Vineland, New Jersey  08360",Non-Residential Reentry
,Wichita Day Reporting Center,"348 S. Ida, Wichita, KS 67211",Non-Residential Reentry
,York County Reentry Service Center,"1 E. Market Street, Suite 204 / 301, York, PA  17401",Non-Residential Reentry
,cademy,"1000 Academy Drive, Morgantown, PA 19543",Youth Services
,Abraxas Counseling Center,"899 East Broad Street, Suite 100, Columbus, Ohio 43205",Youth Services
,Abraxas I,"165 Abraxas Road, Marienville, PA 16239",Youth Services
,Abraxas Ohio,"2775 State Route 39, Shelby, OH 44875",Youth Services
,Abraxas Youth Center,"10058 South Mountain Road, Building 3, South Mountain, PA 17261",Youth Services
,Cincinnati Counseling Center,"2368 Victory Parkway, Suite 501, Cincinnati, Ohio 45206",Youth Services
,Cleveland Counseling Center,"3740 Euclid Ave, Cleveland, Ohio 44115",Youth Services
,Harrisburg Community-Based Programs,"2717 N. Front St. Harrisburg, Pennsylvania 17110",Youth Services
,Hector Garza Center,"620 East Afton Oaks Blvd, San Antonio, TX 78232",Youth Services
,Leadership Development Program,"10058 South Mountain Road, Building 6, PO Box 354, South Mountain , PA 17261",Youth Services
,Lehigh Valley Community-Based Programs,"1444 W. Hamilton Street, Suite 104, Allentown, Pennsylvania 18102",Youth Services
,Mansfield Counseling Center,"780 Park Ave West, Suite D, Mansfield, OH 44906",Youth Services
,Southern Peaks Regional Treatment Center,"700 Four Mile Pkwy, Canon City, CO 81212",Youth Services
,Southwood Interventions,"5701 South Wood Street, Chicago , IL 60636",Youth Services
,Woodridge Interventions,"2221 64th Street, Woodridge, IL 60517",Youth Services
,WorkBridge,"2840 Liberty Avenue, Suite 300, Pittsburgh, PA 15222",Youth Services