,,,,,,,,,,,,
Latitude,Longitude,Name,City,State,Country,Address,Phone,Twitter / Email,Website,Type,Owner / Contact,Sources
,,Pueblo Sin Fronteras,,,"Central America, Mexico, United States",,,https://twitter.com/pueblosf,http://www.pueblosinfronteras.org/,,Alex Mensing,
,,Supervivencia Después de la Detención / Surviving Post-Release,Ciudades Fronterizas,Estados Fronterizos,Mexico,,,,http://es.survivingpostrelease.org/baja-california-mx.html,,,
34.059441,-118.208839,Al Otro Lado,Los Angeles,Tijuana,Mexico,"1200 N State St #1008, Los Angeles, CA 90033",,https://twitter.com/alotrolado_org,https://alotrolado.org/,,Nicole Ramos,
,,"Albergue San Vicente: Instituto de Derechos Humanos de Indigentes y Migrantes, A.C.",Ensenada,Baja California,México,"Calle Novena #691, Colonia Bustamante, Ensenada, Baja California 22840",(646)1760306,alberguemigrantes@prodigy.net.mx,,,"Hermana María Rosa Dimalanta Laus, María del Carmen Sánchez",
,,Albergue del Desierto: Centro de Reintegración Familiar de Menores Migrantes,Mexicali,Baja California,México,"Ave. Carpinteros #1515 entre calle G y H, Colonia Industrial, Mexicali, Baja California 21010","(686)5545364, (686)5546045",alberguedes@prodigy.net.mx,,,"Mónica Oropeza, Blanca Villaseñor",
,,Módulo de Atención Centro de Apoyo al Trabajador Migrante y Albergue del Desierto,Mexicali,Baja California,México,"Garita #1 Mexicali-Calexico, Mexicali, Baja California, Modulo #2",(686)5534882,alberguedes@prodigy.net.mx,,,"Arturo Meza, Mireya Félix",
,,Centro de Apoyo al Trabajador Migrante: Comité de Promoción para el Desarrollo de Mexicali,Mexicali,Baja California,México,"Calle Jabonera #6, Colonia Nueva, Mexicali, Baja California 21100",(686) 553482,"mezaoro@prodigy.net.mx, catm@telnor.net",,,Arturo Meza,
,,"Módulo Fronterizo ""Juntos en el Camino""",Mexicali,Baja California,México,"Garita #1 Mexicali-Calexico, Mexicali, Baja California, Módulo #3",(686) 5519060,juntosenelcamino@prodigy.net.mx,,,Ernestina López Ibarra,
,,Centro Pastoral Maná de Mexicali,Mexicali,Baja California,México,"Jesús García #1799, Colonia Héroes de Nacozari, Mexicali, Baja California 21030",(686) 5560271,alberguemana@hotmail.com,,,Ceferino Lizárraga,
,,Casa Betania: Coordinadora del Programa de Apoyo al Trabajador Migrante,Mexicali,Baja California,México,"Lago Hudson #2408, Colonia Xochimilco, Mexicali, Baja California 21380",(686) 580 0687,"casa_migrante_betania@hotmail.com, jverdugol@casabetaniamexicali.com",,,"Jorge Verduzco, Olga Cecilia Rodríguez",
,,Dispensario Médico Dr. Cañedo,Mexicali,Baja California,México,"Calle Sur #701, Col. Bella Vista, Frente a la Parroquia San José Obrero, Mexicali, Baja California, C.P. 21150",(686) 552-4110,dispensariomedicodrcanedo@hotmail.com,,,Norma de Reynoso,
,,Comedor el Buen Samaritano: Banco de Alimentos CARITAS,Mexicali,Baja California,México,"Calle Sur y Celaya, S/N Colonia Bella Vista, Mexicali Baja California 21150 (Dentro de la Parroquía San José Obrero)",(686) 5526497 / (686) 5526122,caritasmexicali@hotmail.com,,,"Padre Gamael Sebastián Vargas, Ignacio Castro",
,,Angeles sin Fronteras: Hotel de los Migrantes Deportados,Mexicali,Baja California,México,"Ave. Reforma #244 Altos Zona Centro, Mexicali, Baja California",(686) 2096138 / (686) 1984481,"hugocastrov@yahoo.com, sergiotamai@hotmail.com",,,"Sergio Tamai Quintero, Olga Ontiveros Calderón, Hugo Castro",
,,Casa del Migrante Nuestra Señora de Guadalupe,Tecate,Baja California,México,"Avenida Hidalgo #220, Zona Centro, Tecate, Baja California ",(665) 6541263 / (665) 6551641,casadelmigrantetecate@hotmail.com,,,"Antonio López Anduaga, Carlos Torres",
,,Casa del Migrante en Tijuana,Tijuana,Baja California,México,"Calle Galileo #239, Colonia Postal, Tijuana, Baja California 22350",(664) 6825180 / (664) 3827685,sadelmig@yahoo.com,http://www.migrante.com.mx/,,"Padre Luiz Kendzierski, Gilberto Martínez",
,,Casa Madre Assunta,Tijuana,Baja California,México,"Calle Galileo #2305, Colonia Postal, Tijuana, Baja California 22416",(664) 6830575,"galvan_mary@gmail.com, assunta_tj@yahoo.com",,,"Hna. Adelia Contini, María Galván",
,,Casa YMCA para Menores Migrantes: Federación de Asocianes Cristiana de Jóvenes de la República Mexicana,Tijuana,Baja California,México,"Blvd. Cuauthémoc Sur #3170, Colonia Chula Vista, Tijuana, Baja California 22410",(664) 6861359 / (664) 6863697,urielmam@prodigy.net,http://www.ymca.org.mx/federacion/casasdir.htm,,Uriel González,
,,Coalición Prodefensa del Migrante,Tijuana,Baja California,México,"Garita Puerta México / Garita Mesa de Otay, Tijuana, Baja California",(664) 6077077,coalipro@hotmail.com,,,Esmeralda Siu,
,,Casa Hogar Beato Juan Diego,Tijuana,Baja California,México,"Río Tijuana #3551, Colonia Chapultepec Alamar, Tijuana, Baja California 22110",(664) 6213041 / (664) 6213763,,,,Hermana Francis Pérez,
,,Albergue Temporal Zona Norte,Tijuana,Baja California,México,"Calle Arias Esquina Ave. Internacional #112, Tijuana, Baja California Zona Norte",(664) 6873492,,,,Héctor Castro Rodríguez,
,,Módulo de Atención al Migrante Chiapaneco: Unión de Comités Comunitarios de Tijuana,Tijuana,Baja California,México,"Av. Las Lomas #590, Colonia Buena Vista, Tijuana, Baja California 22420",(664) 6241628,,,,Ocario Vásquez García,
,,Casa Refugio Elvira: Hermandad Mexicana Transnacional,Tijuana,Baja California,México,"Calle 7 Hermenegildo Galeana #8780 entre Ocampo y Pío Pico, Zona Centro, Tijuana, Baja California",(664) 6858284,micasausedo@aol.com,,,Micaela Saucedo Casillas,
,,El Refugio del Inmigrante,Tijuana,Baja California,México,"Calle F. Martínez #593, Zona Norte, Tijuana, Baja California (entre calle primera y calle Coahuila)",(664) 1359199,,,,"Rafael Vega, Alonso Ramírez Venegas",
,,Albergue Ejército de Salvación,Tijuana,Baja California,México,"Aquiles Serdán #11585, Colonia Libertad Parte Baja, Tijuana, Baja California 22300",(664) 6832694,eds_tijuana@hotmail.com,,,"Capitán Miguel Ángel Rodríguez, Capitana Ofelia Gress Vargas",
,,Centro Binacional de Derechos Humanos,Tijuana,Baja California,México,"Ave. Paseo del Centenario #3-B, Oficina 11, Zona Río Tijuana contraesquina con Palacio Municipal, Tijuana, Baja California",(664) 6828550,clarkvictor@hotmail.com,,,Víctor Clark Alfaro,
,,Casa Hogar Cavit Alejandro,Tijuana,Baja California,México,"Francisco I. Madero #104, Colonia Divina Providencia, Tijuana, Baja California",(664) 6306267 / (664) 1174217-celular,hogarcavit@hotmail.com,,,"Verónica Flores Córdova, Mario Medina",
,,Enclave Caracol,Tijuana,Baja California,México,Calle Primera 8220 (En frente del Museo de Cera),(664) 379-1818,@enclavecaracol,https://www.facebook.com/enclavecaracol/,,Chris,
,,Espacio migrante,Tijuana,Baja California,México,,(664) 607-3458,espaciomigrante@gmail.com,http://espaciomigranteac.org,,Paulina Olivera,
,,Centro en Baja California,Tijuana,Baja California,México,"Calle Manuel Félix Acosta, Col. Obrera, Tijuana, Baja California",,,,,,
,,Casa del Migrante,Cd. Juárez,Chihuahua,México,"Calle Neptuno #1855, Col. Satélite, Ciudad Juárez, Chihuaha, C.P 32540","(656) 687-0676, (656) 687-0677, (656) 687-2864","casadelmigrante@gmail.com, casamijuarez@yahoo.com",http://www.diocesisdeciudadjuarez.org/migrantes/,,"Padre Javier Calvillo, Blanca Navarrete",https://www.researchgate.net/publication/304538960_Directorio_de_Organizaciones_Civiles_que_atienden_a_Migrantes_en_la_Frontera_Norte_de_Mexico
,,Casa YMCA para Menores Migrantes ,Cd. Juárez,Chihuahua,México,"Calle Tlaxcala #267, Esq. Lerdo, Zona Centro, Ciudad Juárez, Chihuahua, C.P. 32000",(656) 612-6138,,,,Leticia López,https://www.researchgate.net/publication/304538960_Directorio_de_Organizaciones_Civiles_que_atienden_a_Migrantes_en_la_Frontera_Norte_de_Mexico
,,"Centro de Derechos Humanos de Migrantes, A.C.",Cd. Juárez,Chihuahua,México,"Calle Neptuno #1855, Col. Satélite, Ciudad Juárez, Chihuaha, C.P 32540","(656) 687-2864, (656) 687-0676, (656) 687-0677, (656) 687-2864",coordinacion@cdhmcj.org,,,"Blanca Navarrete García, Diana Rodríguez Sáenz",https://www.researchgate.net/publication/304538960_Directorio_de_Organizaciones_Civiles_que_atienden_a_Migrantes_en_la_Frontera_Norte_de_Mexico
,,"Casa YMCA de Desarrollo Comunitario y Asistencia Social, A.C.",Piedras Negras,Coahuila,México,"Xicotencatl Norte #1802 A, Col. Mundo Nuevo, Piedras Negras, Coahuila, C.P. 26010","(878) 782-9672, (878) 782-5189, (878) 782-1979","casaymca@prodigy.com.mx, urielmam@prodigy.net.mx",,,"Rafael Martínez Martínez, Blanca Estela Jacobo Rivera",https://www.researchgate.net/publication/304538960_Directorio_de_Organizaciones_Civiles_que_atienden_a_Migrantes_en_la_Frontera_Norte_de_Mexico
,,Casa YMCA de menores migrantes A.C.,Piedras Negras,Coahuila,México,"Calle Josefa Ortiz de Domínguez 605, col. Maravillas, Piedras Negras, Coahuila, C.P. 26017",(878) 782 96 72,"casaymca@prodigy.net.mx, ymcapnc@gmail.com",,,,http://www.oscscoahuila.mx/casa-ymca-de-menores-migrantes-ac
,,Casa del Peregrino de Piedras Negras A.C.: Frontera Digna Casa del Migrante,Piedras Negras,Coahuila,México,"Anáhuac #605 Oriente, Col. Centro, Piedras Negras, Coahuila, C.P. 26000","(878) 782-4760, (878) 782-1408",josguapastor@hotmail.com,,,"P. José Guadalupe Valdez Alvarado, Roberto Bustos, Enrique Betis",https://www.researchgate.net/publication/304538960_Directorio_de_Organizaciones_Civiles_que_atienden_a_Migrantes_en_la_Frontera_Norte_de_Mexico
,,Ejército de Salvación A.C.: Centro Comunitario y Comedor Infantil,Piedras Negras,Coahuila,México,"Victoria 805, Francisco I. Madero, 26010 Piedras Negras, Coah., Mexico","(878) 782-2707, (878) 770-5936","capi.franco@hotmail.com, marco_flores@mex.salvationarmy.org, gaciela_flores@salvationarmy.org",,,Capitana Graciela de Flores,https://www.researchgate.net/publication/304538960_Directorio_de_Organizaciones_Civiles_que_atienden_a_Migrantes_en_la_Frontera_Norte_de_Mexico
,,Frontera y Dignidad de Acuña A.C.: Casa del Migrante EMAUS,Ciudad Acuña,Coahuila,México,"Dr. Cross #47, Antigua Escuela Miguel Hidalgo, Ciudad Acuña, Coahuila, C.P. 26200","(877) 772-5715, (887) 772-0105",hernandezcarlos29@hotmail.com,,,"Carlos Hernández, P. Sabino Gómez",https://www.researchgate.net/publication/304538960_Directorio_de_Organizaciones_Civiles_que_atienden_a_Migrantes_en_la_Frontera_Norte_de_Mexico
,,Frontera con Justicia A.C. (Casa del Migrante de Saltillo Ex Belén Posada del Migrante),Saltillo,Coahuila,México,"Juan de Erbáez #2406, Col. Landín, Saltillo Coahuila, C.P. 25070","(844) 111-3273, (844) 255-6127",direccion@cdmsalt.org,,,"Alberto Xicotencatl Carrasco, Guadalupe Arguello",https://www.researchgate.net/publication/304538960_Directorio_de_Organizaciones_Civiles_que_atienden_a_Migrantes_en_la_Frontera_Norte_de_Mexico
,,Humanidad sin Fronteras A.C.,Saltillo,Coahuila,México,"Juan de Erbáez #2406, Col. Landín, Saltillo Coahuila, C.P. 25070","(844) 111-3273, (844) 255-6128","direccion@cdmsalt.org, fronteraconjusticia@gmail.com",,,"Alberto Xicotencatl Carrasco, Guadalupe Arguello",https://www.researchgate.net/publication/304538960_Directorio_de_Organizaciones_Civiles_que_atienden_a_Migrantes_en_la_Frontera_Norte_de_Mexico
,,Grupo Beta,Ciudades Fronterizas,Estados Fronterizos,México,,,,https://www.gob.mx/inm/acciones-y-programas/grupos-beta-de-proteccion-a-migrantes,,,
,,Casa del Forastero Santa Martha,Monterrey,Nuevo León,México,"José María Bocanegra y Amado Nervo, Col. Industrial, Monterrey, Nuevo León CP 6440",(837) 23 355,casastamarthacoordinador@gmail.com,,,P. Alberto Cortez,
,,Casa del Migrante Trabajador Mexicano Santa Martha,Monterrey,Nuevo León,México,"Aldama No. 937, entre Ocampo e Hidalgo, Colonia Centro, Monterrey, Nuevo León CP 64000",(81) 1522 4839,,,,Pbro. Jesús Garza Guerra,
,,Ejército de Salvacion A.C.,Monterrey,Nuevo León,México,"Carvajal y de la Cueva No. 1716, Col. Primero de Mayo, Monterrey, Nuevo León C.P. 64580",(818) 375 0379,ejercitodesalvacion.monterrey@hotmail.com,,,Mayor Daniel Guerra Bonilla,
,,Casa San Nicolas Tolentino,Guadalupe,Nuevo León,México,"Emiliano Zapata No. 4417, Esq. Serafín Peña, Guadalupe, Nuevo León C.P. 67180",(800) 7 35 69,palominopaloma@hotmail.com,,,P. Luis Eduardo Villarreal Ríos,
,,Centro en Oaxaca,Juxtlahuaca,Oaxaca,México,"Calle Mariano Matamoros #305, Centro, Juxtlahuaca, Oaxaca, México",,,,,,
,,"Centro de Atención al Migrante Exodus, A.C. (CAME)",Agua Prieta,Sonora,México,"Calle 6ta y Av. Anáhuac S/N, Colonia Ferrocarril, Agua Prieta, Sonora C.P. 84200",(633) 3382514,"c.a.m.e.02@hotmail.com, camesagfam@hotmail.com, ivanbernal23@hotmail.com",,,"Ricardo Moreno, Padre Iván Bernal",https://www.researchgate.net/publication/304538960_Directorio_de_Organizaciones_Civiles_que_atienden_a_Migrantes_en_la_Frontera_Norte_de_Mexico
,,Centro de Recursos para Migrantes Módulo de Atención (CRM),Agua Prieta,Sonora,México,"Calle 1ra. Av. Panamericana S/N, Agua Prieta, Sonora C.P. 84200",(633) 1219298,beto.gutierritos@yahoo.com.mx,,,Adalberto Ramos,
,,"Programa Ymca de Desarrollo Comunitario y Asistencia Social “Casas Ymca para Menores Migrantes""",Agua Prieta,Sonora,México,"Calle 7, entre Avenida 22 y 23 # 2205 Col. Burócrata, Apartado Postal 1662 Agua Prieta, Sonora C.P. 84200",(633) 3384000,ymca_aguaprieta02@hotmail.com,http://www.ymca.org.mx/federacion/casasdir.htm,,"Ernesto Peraza Amparan, Graciela Pérez Ortiz",
,,Centro Comunitario de Atención al Migrante y Necesitado (CCAMYN),Altar,Sonora,México,"Av. Gonzalo Senday #79 Col. Buenos Aires Altar, Sonora",(637) 3740360,priscyperazagarcia@hotmail.com,,,Padre Prisciliano Peraza García,
,,Albergue Cristiano La Roca Ex Albergue de la Esperanza,Nogales,Sonora,México,"Calle Independencia y Reforma # 549 Colonia del Rosario, Nogales, Sonora",(631) 1074655,,,,"Sergio Arreola, Israel Olivarría Ramírez, Giovanni Jiménez",
,,"Albergue para Migrantes San Juan Bosco, I. A. P.",Nogales,Sonora,México,"Montaño # 1063-A Colonia Municipal, Nogales, Sonora C.P. 84035",(631) 3136833,"alberguemigrantesjuanbosco@yahoo.com, feoloureiro@yahoo.com.mx",,,"Gilda Irene Esquer Félix, Juan Fco. Lourerio Herrera",
,,Casa Nazareth Iniciativa Kino para la Frontera,Nogales,Sonora,México,"Edificio 4, Departamento # 502, Colonia Fovisste 2, Nogales, Sonora C.P. 84000",(631) 3162086,"rufime@yahoo.com.mx, scarroll@calprov.org",,,"Hermana Lorena Leyva, Hermana Imelda Ruiz Silva",
,,"Centro de Atención a Migrantes Deportados (CAMDEP), Iniciativa Kino para la Frontera",Nogales,Sonora,México,"Línea internacional Garita 2, Intersección de Reforma y Periférico Luis, Donaldo Colosio # 55, Colonia del Rosario, Nogales, Sonora C.P. 84000",(631) 3162086,scarroll@calprov.org,,,Sean Carroll,
,,"Centro de Atención a Migrantes Deportados (CAMDEP), Iniciativa Kino para la Frontera",Nogales,Sonora,México,"Calle 1 Edificio 4, Departamento # 402 Colonia Fovisste 2, Nogales, Sonora",(631) 3162086,scarroll@calprov.org,,,Sean Carroll,
,,Centro Comunitario Guadalupano de Nogales I.A.P,Nogales,Sonora,México,"Calle Latinos 193, Col. Fundo Legal, Zona centro, Nogales, Sonora",(631) 312 3091,ccguadalupanodenogalesiap@gmail.com,,,Ing. Salvador Saucedo Tamayo,
,,"Transportistas y Permisionarios en Apoyo al Migrante, A.C., Albergue de Transportes Fronterizos de Sonora",Nogales,Sonora,México,"Reforma número 460 Col. Del Rosario, Nogales, Sonora",(631) 316 1421,transportesfronterizosdesonora@hotmail.com,,,Sergio Valente Camacho Pérez,
,,"Asociación Casa del Migrante “Divina Providencia”, I.A.P.",San Luis Río Colorado,Sonora,México,"Avenida Zaragoza entre 9 y 10 # 912, San Luis Río Colorado, Sonora",(653) 5349543,,,,María Martha Vargas Ayala,
,,Casa del Migrante Nazareth A.C.,Nuevo Laredo,Tamaulipas,México,"Francisco I. Madero No. 350, Col. Victoria, Nuevo Laredo Tamaulipas C.P. 88070",(867) 714 5611,casamigrantenl@yahoo.com,,,Padre Francisco Pellizzari,
,,Centro de Derechos Humanos del Migrante Beato Juan Bautista Scalabrinni,Nuevo Laredo,Tamaulipas,México,"Francisco I. Madero No. 350 Col. Victoria, Nuevo Laredo, Tamaulipas C.P. 88070",(857) 714 5611,,,,,
,,Casa San Juan Diego y San Francisco de Asís A.C.,Matamoros,Tamaulipas,México,"Av. Golfo de México #49, Col. Ampliación Solidaridad, Matamoros, Tamaulipas, C.P. 87456","(868) 822-2213, (868) 822-4689",casadelmigrantematamoros@hotmail.com,,,"Padre Patricio Gallardo, Padre Hilario del Pozo",https://www.researchgate.net/publication/304538960_Directorio_de_Organizaciones_Civiles_que_atienden_a_Migrantes_en_la_Frontera_Norte_de_Mexico
,,Albergue del Migrante Nuestra Señora de Guadalupe A.C.,Reynosa,Tamaulipas,México,"Calle Ma. J. González #501 Esq. con Libramiento Luis Echeverría, Col. Aquíles Serdán, Reynosa, Tamaulipas, C.P. 88500","(899) 922-4268, (899) 930-0672 Ext. 116","sormercedesdiaz@yahoo.com, migrantes_diocesis_matamoros@hotmail.com",,,P. Hilario del Pozo,https://www.researchgate.net/publication/304538960_Directorio_de_Organizaciones_Civiles_que_atienden_a_Migrantes_en_la_Frontera_Norte_de_Mexico
,,The Southern Poverty Law Center,Montgomery,Alabama,United States,"400 Washington Avenue, Montgomery, AL 36104",(334) 956-8200,https://twitter.com/splcenter,https://www.splcenter.org/,,,
33.466172,-112.071344,The Florence Project,Phoenix,Arizona,United States,"202 E McDowell Rd # 250, Phoenix, AZ 85004",(520) 868-0191,https://twitter.com/FlorenceProject,https://firrp.org/,,,https://www.texastribune.org/2018/06/18/heres-list-organizations-are-mobilizing-help-separated-immigrant-child/?utm_campaign=trib-social-buttons&utm_source=twitter&utm_medium=social
32.175151,-110.928077,Colibri Center for Human Rights,Tucson,Arizona,United States,"Pima County Office of the Medical Examiner, 2825 E. District Street, Tucson, AZ 85714",(520) 724-8644,https://twitter.com/colibricenter,http://www.colibricenter.org/,,,
32.710913,-117.143282,Border Angels,San Diego,California,United States,"2258 Island Avenue, San Diego, CA 92102",(619) 269-7865,https://twitter.com/border_angels,https://www.borderangels.org/,,,
37.63574445,-122.4228346,Tahirih Justice Center,San Bruno,California,United States,"881 Sneath Lane, Suite 115, San Bruno, CA 94066",(650) 270-2100,https://twitter.com/tahirihjustice,http://www.tahirih.org/locations/san-francisco-bay-area/,,,
,,Mexican-American Legal Defense Fund,Los Angeles,California,United States,"634 S. Spring Street, Los Angeles, CA 90014",(213) 629-2512,https://twitter.com/MALDEF,http://www.maldef.org/about/index.html,,,
,,Centro de la Coodinación General Binacional,Los Angeles,California,United States,"4318 S. Main St., Los Angeles, California 90037",,,,,,
,,Freedom for Immigrants (CIVIC),Lynwood,California,United States,"10701 Sampson Ave, Lynwood, CA 90262",(385) 212-4842,https://twitter.com/migrantfreedom,https://www.freedomforimmigrants.org/,,,
,,American Immigration Lawyers Association (AILA),Washington,D.C.,United States,"1331 G Street, NW Suite 300",(202)-507-7600,https://twitter.com/ailanational,http://www.aila.org/,,,
,,American Immigration Council,Washington,D.C.,United States,"1331 G St. NW Suite 200, Washington, DC 20005",(202) 507-7500,https://twitter.com/immcouncil,https://americanimmigrationcouncil.org/,,,
33.7505559,-84.4002539,Tahirih Justice Center,Atlanta,Georgia,United States,"142 Walker Street SW, Atlanta, GA 30301",(470) 481-4700,https://twitter.com/tahirihjustice,http://www.tahirih.org/location/atlanta/,,,
41.785719,-87.598532,The Young Center for Immigrant Children's Rights,Chicago,Illinois,United States,"6020 S University Ave, Chicago, IL 60637",(773) 702-9560,https://twitter.com/TheYoungCenter,https://www.theyoungcenter.org/contact,,,
39.2913464,-76.6149556,Tahirih Justice Center,Baltimore,Maryland,United States,"201 North Charles Street, Suite 920, Baltimore, MD 21201",(410) 999-1900,https://twitter.com/tahirihjustice,http://www.tahirih.org/locations/baltimore/,,,
40.702303,-74.010526,ACLU,New York,New York,United States,"125 Broad Street, 18th Floor, New York NY 10004",(212) 549-2500,https://twitter.com/ACLU,https://www.aclu.org/,,,
40.70861,-74.014804,Asylum Seeker Advocacy Project,New York,New York,United States,"40 Rector Street, 9th Floor, New York, NY 10006",,https://twitter.com/asylumadvocacy,https://asylumadvocacy.org/,,,
40.704617,-74.011233,Human Rights First,New York,New York,United States,"75 Broad St, 31st Floor, New York, NY 10004",(202) 370-3323,https://twitter.com/humanrights1st,https://www.humanrightsfirst.org/,,,
40.75098,-73.984311,Women's Refugee Commission,New York,New York,United States,"15 West 37th Street, 9th Floor, New York, NY 10018",(212) 551-3115,https://twitter.com/wrcommission,https://www.womensrefugeecommission.org/,,,
,,Amnesty International,New York,New York,United States,"5 Penn Plaza, 16th Floor, New York, NY 10001",(212) 807-8400,https://twitter.com/amnestyusa,https://www.amnestyusa.org/campaigns/refugee-and-migrant-rights/,,,
45.502418,-122.656443,Innovation Law Lab,Portland,Oregon,United States,"P.O. Box 40103, Portland, Oregon 97240",,https://twitter.com/iawlab?lang=en,https://innovationlawlab.org/,,,
30.229527,-97.699944,Texas Civil Rights Project,Austin,Texas,United States,"1405 Montopolis Drive, Austin, Texas 78741",(512) 474-5073,https://twitter.com/TXCivilRights,https://texascivilrightsproject.org/,,,
29.43816,-98.503058,RAICES,San Antonio,Texas,United States,"1305 N. Flores Street, San Antonio, TX 78212",(210) 222-0964,https://twitter.com/RAICESTEXAS,https://www.raicestexas.org/,,,
,,RAICES,Austin,Texas,United States,"2800 IH-35 South, Suite 215, Austin, TX 78704",(512) 994-2199,https://twitter.com/RAICESTEXAS,https://www.raicestexas.org/,,,
,,RAICES,Corpus Christi,Texas,United States,"403 Waco St., Corpus Christi, TX 78401",(361) 693-5838,https://twitter.com/RAICESTEXAS,https://www.raicestexas.org/,,,
,,RAICES,Dallas,Texas,United States,"1910 Pacific Ave, Suite 5045, Dallas, TX 75201",(214) 295-9554,https://twitter.com/RAICESTEXAS,https://www.raicestexas.org/,,,
,,RAICES,Fort Worth,Texas,United States,"4200 South Freeway, Suite 702, Fort Worth, TX 76115",(817) 717-9377,https://twitter.com/RAICESTEXAS,https://www.raicestexas.org/,,,
,,RAICES,San Antonio,Texas,United States,"5121 Crestway Drive, #105, San Antonio, TX 78239",(210) 226-7722,https://twitter.com/RAICESTEXAS,https://www.raicestexas.org/,,,
,,RAICES,San Antonio,Texas,United States,"802 Kentucky Ave, San Antonio, TX 78201",,,,,,
29.765877,-95.377633,United We Dream,Houston,Texas,United States,"1900 Kane St, Houston, TX 77007",(713) 863-1422,https://twitter.com/unitedwedream,https://unitedwedream.org/,,,
29.742339,-95.369404,ACLU Texas,Houston,Texas,United States,"1153, 1500 McGowen St, Houston, TX 77004",(713) 942-8146,https://twitter.com/ACLUTx,https://www.aclutx.org/,,,
26.191339,-97.694082,South Texas Pro Bono Asylum Representation Project,Harlingen,Texas,United States,"222 E. Van Buren Avenue, Suite 300, Harlingen, TX 78550",(956) 425-9231,,https://www.americanbar.org/groups/public_services/immigration/projects_initiatives/south_texas_pro_bono_asylum_representation_project_probar.html,,,
28.660838,-99.208286,CARA Project,Dilley,Texas,United States,"4680 Briscoe Rd, Dilley, TX 78017",,,http://caraprobono.org/,,,
31.771382,-106.477943,Las Americas Immigrant Advocacy Center,El Paso,Texas,United States,"1500 E. Yandell Dr., El Paso, TX 79902",(915) 544-5126,https://twitter.com/lasamericasiac,http://las-americas.org/,,,
26.186819,-98.135613,La Unión del Pueblo Entero (LUPE),San Juan,Texas,United States,"1601 U.S. 83 Business, San Juan, TX 78589",(956) 787-2233,https://twitter.com/LUPE_rgv,https://lupenet.org/,,,
26.199648,-97.677966,Youth Center for Immigrants Children Rights,Harlingen,Texas,United States,"806 Morgan Blvd Suite K, Harlingen, TX 78550",(956) 230-1850,https://twitter.com/TheYoungCenter,https://www.theyoungcenter.org/,,,
31.795634,-106.461737,Border Network of Human Rights,El Paso,Texas,United States,"2115 N Piedras St, El Paso, TX 79930",(575) 520-8851,https://twitter.com/bnhr,http://bnhr.org/,,,
29.743453,-95.369604,Houston Immigration Legal Services Collaborative,Houston,Texas,United States,"1028, 2502 La Branch St, Houston, TX 77004",(832) 554-6295,https://twitter.com/@HTXimmigration/,https://www.houstonimmigration.org/,,,
27.226207,-98.143649,South Texas Human Rights Center,Falfurrias,Texas,United States,"117 E. Miller St., Falfurrias, TX 78355",(361) 325-2555,https://twitter.com/STXHumanRights,https://southtexashumanrights.org/,,,
31.77835906,-106.4672411,"Diocesan Migrant & Refugee Services, Inc.",El Paso,Texas,United States,"2400 E Yandell Dr, El Paso, TX 79903",,https://twitter.com/elpasodmrs,http://www.dmrs-ep.org/,,,
29.7076758,-95.2792499,Justice for Our Neighbors,Houston,Texas,United States,"2220 Broadway, Houston, TX 77012",(713) 454-6470,https://twitter.com/jfon_tx,http://jfonhouston.org/,,,
30.2705902,-97.742339,The Austin Bar Association Civil Right and Immigration Section,Austin,Texas,United States,"816 Congress Ave., Ste. 700, Austin, TX 78701",(512) 472-0279,http://www.twitter.com/theaustinbar,http://www.austinbar.org/for-attorneys/sections/civil-rights-immigration-section/,,,
29.748457,-95.4724561,Tahirih Justice Center,Houston,Texas,United States,"1717 St. James Place, Suite 450, Houston, TX 77056",(713) 496-0100,https://twitter.com/tahirihjustice,http://www.tahirih.org/locations/houston/,,,
,,American Gateways,Austin,Texas,United States,"314 E. Highland Mall Boulevard, Suite 501, Austin TX 78752",(512) 478-0546 ext. 200,https://twitter.com/amergateways,http://www.americangateways.org/,,,
,,American Gateways,San Antonio ,Texas,United States,"2300 W. Commerce Street, Suite 313, San Antonio, TX 78207",(210) 521-4768 ext. 232 or 233,https://twitter.com/amergateways,http://www.americangateways.org/,,,
,,American Gateways,Waco,Texas,United States,"P.O. Box 2405, Waco, TX 76703",(254) 230-0382,https://twitter.com/amergateways,http://www.americangateways.org/,,,
,,Fronterizo Fianza Fund,El Paso,Texas,United States,,(915) 229-6086,,https://www.fianzafund.org/,,,
31.76008453,-106.47960032284,Annunciation House,El Paso,Texas,United States,"1003 East San Antonio Ave, El Paso, TX 79901",(915) 545-4509,,https://annunciationhouse.org/,,,
38.888493,-77.180496,Together Rising,Falls Church,Virginia,United States,"800 West Broad Street #6409, Falls Church, VA 22040",,https://twitter.com/togetherrising,https://togetherrising.org/,,,
38.8735515,-77.1601397,Tahirih Justice Center,Falls Church,Virginia,United States,"6402 Arlington Boulevard, Suite 300, Falls Church, VA 22042",(571) 282-6161,https://twitter.com/tahirihjustice,http://www.tahirih.org/locations/baltimore/,,,
47.602722,-122.333233,Northwest Immigrant Rights Project,Seattle,Washington,United States,"615 2nd Ave, Suite 400, Seattle, WA 98104",(206) 587-4009,https://twitter.com/nwirp,https://www.nwirp.org/,,,
,,Detention Watch Network,Washington D.C.,Washington D.C.,United States,"1419 V Street NW, Washington, DC 20009",,https://twitter.com/detentionwatch,https://www.detentionwatchnetwork.org/,,,
38.903444,-77.030038,Kids in Need of Defense (KIND),Washington,Washington DC,United States,"1300 L St. NW Suite 1100, Washington, DC 20005",(202) 824-8680,https://twitter.com/supportKIND,https://supportkind.org/,,,
31.720408,-106.339947,Hope Border Institute,"Las Cruces, El Paso, Cd. Juárez","New Mexico, Texas, Chihuahua",United States & Mexico,"499 St. Matthews St., El Paso, TX 79907",(915)8428400,https://twitter.com/HopeBorder,https://www.hopeborder.org/,,,
31.440000,-111.020000,Kino Border Initiative,Nogales,Arizona,"United States, Mexico","P.O. Box 159, Nogales, AZ 85628",(520) 287-2370,https://twitter.com/KinoBorder,https://www.kinoborderinitiative.org/,,,
,,Detained Migrant Solidarity Committee,El Paso,Texas,"United States, Mexico",,(915) 229-6086,https://twitter.com/dmscelpaso,https://dmscelpaso.wixsite.com/dmscelpaso/blog/author/Rev.-Robert-Mosher,,,
,,Comision Nacional de los Derechos Humanos,Tijuana,Baja California,,,,informacion@derechoshumanosbc.org,,,,
,,Catholic Charities of Santa Clara County,,California,,,,,,Foster Care Placement/Social Services,Catholic Charities ,https://catholiccharitiesscc.org/our-services
,,Crittendon,,California,,,,,,Foster Care Placement/Social Services,Catholic Charities,https://crittentonsocal.org/
,,Children's Home Services,,Florida,,"Winter Park, FL",,,,Foster Care Placement/Social Services,,https://www.chsfl.org/
,,Gulf Coast Jewish Family and Community Services,,Florida,,,,,,Social Services,,https://gulfcoastjewishfamilyandcommunityservices.org/refugee-services/
,,Catholic Charities Chicago,,Illinois,,,,,,Social Services,Catholic Charities,https://www.catholiccharities.net/GetHelp/OurServices/RefugeeResettlementServices.aspx
,,Heartland Alliance,,Illinois,,,,,,Social Services,Heartland Alliance,https://www.heartlandalliance.org/refugee-and-immigrant-community-services/
,,Lutheran Social Services - Bay City,,Michigan,,,,,,Foster Care Placement/Social Services,Lutheran Immigrant and Refugee Services,https://www.samaritas.org/Family-Support
,,Lutheran Social Services - Farmington Hills,,Michigan,,,,,,Foster Care Placement/Social Services,Lutheran Immigrant and Refugee Services,https://www.samaritas.org/Family-Support
,,Catholic Charities of NY,,New York,,,,,,Foster Care Placement/Social Services,,https://catholiccharitiesny.org/agency-service-type/resettling-refugees
,,Cayuga Centers,,New York,,,,,,Foster Care Placement/Social Services,,http://cayugacenters.org/programs/immigrant-foster-care/
,,Catholic Charities Fort Worth,,Texas,,,,,,Social Services,Catholic Charities ,https://www.catholiccharitiesfortworth.org/our-initiatives/
,,Catholic Charities Fort Worth,,Texas,,,,,,Social Services,Catholic Charities ,https://catholiccharities.org/supporting-refugees-immigrants/refugee-services/
,,Catholic Charities Community Services,,Texas,,,,,,Social Services,Catholic Charities ,https://catholiccharitiesscc.org/our-services
,,Madres y familias deportadas en acción,,,,,,,,,María Galleta,
,,Frente Indigena de Organizaciones Binacionales,,,,,"(619) 289-4723, (213) 359-0264",,,,"Luis Lopez Resendiz, Odilia Romero",
,,,,,,,,,,,,
,,"**Informed Inmigrant https://www.informedimmigrant.com/  There are several sources but not all concentrares on the families, needs digging. I will be checking this until due date :)",,,,,,,https://www.informedimmigrant.com/,,,
,,,,,,,,,,,,
,,CLINIC,,,,,,,,,,
,,,,,,,,,,,,
,,,,,,,,,,,,
,,ORR CONTRACTORS - PROBABLY NOT FOR THE ALLIES LIST,,,,,,,,,,
,,Lutheran Immigration and Refugee Service,,,,,,,,,,
,,Catholic Charities Rio Grande Valley,,,,,,,,,,