Border Crossings,,,,,,,
Latitude,Longitude,Name,City,State,County,Address,Sources
25.958103,-97.507493,Veterans International Bridge Los Tomates,Brownsville,Texas,Cameron,"3300 S. Expressway77/83. Brownsville, TX 78521",http://ftp.dot.state.tx.us/pub/txdot-info/iro/international-bridges.pdf
25.899143,-97.496978,Gateway International Bridge,Brownsville,Texas,Cameron,"500 East Gateway Bridge, Brownsville, Texas 78520",https://www.mexpro.com/blog/cross-u-s-mexican-border-arizona
25.89329,-97.505497,Brownsville and Matamoros International Bridge,Brownsville,Texas,Cameron,"1300 West Mexico Street, Brownsville, Texas 78520",https://www.mexpro.com/blog/cross-new-mexicomexican-border
26.029376,-97.738782,Los Indios International Bridge,Los Indios,Texas,Cameron,"100 Puente Internacional Libre Comercio Lucio Blanco, Los Indios, TX 78567",https://www.google.com/maps/
26.066122,-98.075123,Donna Rio Bravo International Bridge,Donna,Texas,Hidalgo,"8000 S., International Blvd, Donna, TX 78537",https://en.wikipedia.org/wiki/List_of_Mexico%E2%80%93United_States_border_crossings#Texas%E2%80%93Tamaulipas
26.088917,-98.200143,Phar-Reynosa International Bridge on the Rise,Pharr,Texas,Hidalgo,"9900 S Cage Blvd, Pharr, TX 78577",https://www.cbp.gov/contact/ports
26.097073,-98.269863,McAllen-Hidalgo International Bridge,McAllen,Texas,Hidalgo,"1023 International Blvd, Hidalgo, TX 78557",
26.117662,-98.317278,Anzalduas International Bridge,Mission,Texas,Hidalgo,"78572, 5911 Stewart Rd, Mission, TX 78573",
26.367419,-98.801455,Starr Camargo Bridge,Rio Grande City,Texas,Starr,"405 Estrella St # C, Roma, TX 78584",
26.559538,-99.167149,Falcon Dam Port of Entry,Falcon,Texas,Starr,"FM 2098 Spur, Falcon Heights, Texas 78545",
26.403738,-99.018831,Roma-Ciudad Miguel Alemán International Bridge,Roma,Texas,Starr,"405 N. Estrella St., Suite B. Roma, TX 78584",
26.239534,-98.563649,Los Ebanos - Diaz Ordaz Ferry,Los Ebanos,Texas,Hidalgo,"200 Flores St, Los Ebanos, TX 78565",
26.061944,-97.949167,Progreso - Nuevo Progeso International Bridge,Progreso,Texas,Hidalgo,"100 South International Boulevard. Progreso, TX 78579",
27.500673,-99.502453,Juárez-Lincoln International Bridge #2,Laredo,Texas,Webb,"700 Zaragoza St, Laredo, TX 78040",
27.501592,-99.507240,Gateway to the Americas International Bridge #1,Laredo,Texas,Webb,"100 Convent Ave, Laredo, TX 78040",
27.595341,-99.542805,World Trade Bridge #4,Laredo,Texas,Webb,"11601 Farm to Market 1472, Laredo, TX 78045",
27.700476,-99.744960,Laredo Colombia Solidarity International Bridge Bridge #3,Laredo,Texas,Webb,"TX-255, Laredo, TX 78045",
28.705830,-100.506111,Eagle Pass-Piedras Negras International Bridge ,Eagle Pass,Texas,Maverick ,"160 E Garrison St, Eagle Pass, TX 78852",
28.698328,-100.506411,Camino Real International Bridge,Eagle Pass,Texas,Maverick ,"500 S. Adams Street, Eagle Pass, Texas 78852",
29.334091,-100.918164,Del Río-Ciudad Acuña International Bridge,Del Río,Texas,Val Verde,"3140 State Loop 239, Del Rio, TX 78840",
29.449856,-101.054365,Puente Internacional Presa la Amistad,Del Río,Texas,Val Verde,"Spur 349, Del Rio, Texas 78840",
29.190093,-102.946545,Boquillas Port of Entry,Big Ben National Park,Texas,Brewster,"Big Bend National Park, Big Bend, Texas79834",
29.562386,-104.390693,Presidio-Ojinaga International Bridge,Presidio,Texas,Marfa,"4902 US-67, Presidio, TX 79845",
31.448063,-106.115289,Fort Hancock-El Porvenir International Bridge,Fort Hancock,Texas,Hudspeth,"828 South HWY 1088, Fort Hancock, TX 79839",
31.432590,-106.148754,Tornillo-Guadalupe International Bridge,Tornillo,Texas,El Paso,"18051 Island Guadalupe Rd, Fabens, TX 79838",
31.672268, -106.334967,Ysleta-Zaragoza International Bridge,Ysleta,Texas,El Paso,"797 S Zaragoza Rd, El Paso, TX 79927",
31.763936,-106.450620,Cordova- Bridge of the Americas ,El Paso,Texas,El Paso,"3600 E Paisano Dr, El Paso, TX 79905",
31.750112,-106.486270,Paso del Norte International Bridge,El Paso,Texas,El Paso,"1011-1083 S El Paso St, El Paso, TX 79901",
31.750185,-106.485852,El Paso-Staton Bridge,El Paso,Texas,El Paso,"S Stanton St, El Paso, TX 79901",
31.783094,-106.678989,Santa Teresa-San Jerónimo Border,Santa Teresa,New Mexico,Doña Ana,"170 Pete V Domenici Hwy, Santa Teresa, NM 88008",
31.783841,-107.627837,Columbus-Puerto Palomas International Bridge,Columbus,New Mexico,Luna,"NM-11, Mile Marker 0, Columbus, NM 88029",
31.340376,-108.528292,Antelope Wells-El Berrendo International Bridge,Hachita,New Mexico,Grand,"NM-81, Hachita, NM 88040",
31.334684,-109.559351,Raul H. Castro Douglas-Agua Prieta Port of Entry,Douglas,Arizona,Cochise,"1st St & Pan American Avenue, Douglas, AZ 85607",
31.334648,-109.942817,Naco Port of Entry,Naco,Arizona,Cochise,"3867 S Towner Ave, Naco, AZ 85620",
31.333417,-110.942873,Nogales-Morley Gate Port of Entry,Nogales,Arizona,Santa Cruz,"Calle Internacional, Buenos Aires Oeste, 85621 Nogales, AZ, Mexico",
31.334031,-110.967250,Nogales-Mariposa Port of Entry,Nogales,Arizona,Santa Cruz,"121-209 N Mariposa Rd, Nogales, AZ 85621",
31.332964,-110.942530,Nogales-Grand Avenue Port of Entry,Nogales,Arizona,Santa Cruz,"9 N Grand Ave, Nogales, AZ 85621",
31.483035,-111.544537,Sasabe Port of Entry,Sasabe,Arizona,Pima,"South Sasabe Highway, Sasabe, AZ 85633",
31.880446,-112.816923,Lukeville-Sonoyta Port of Entry,Lukeville,Arizona,Pima,"190 AZ-85, Lukeville, AZ 85341",
32.485378,-114.781406,San Luis  Port of Entry,San Luis,Arizona,Yuma,"431 Main St, San Luis, AZ 85349",
32.462392,-114.697510,San Luis II Port of Entry,Somerton,Arizona,Yuma,"Somerton, AZ 85350",
32.718364,-114.727803,Andrade Port of Entry,Andrade,California,Imperial,"235 Andrade Rd, Winterhaven, CA 92283",
32.675215,-115.388710,Calexico East/West Port of Entry,Calexico,California,Imperial,"1699 East Carr Rd, Calexico, CA 92231",
32.576983,-116.626965,Tecate Port of Entry,Tecate,California,San Diego,"405 Tecate Rd, Tecate, CA 91980",
32.550839,-116.938606,Otay Mesa Port of Entry,Otay,California,San Diego,"9777 Via De La Amistad, San Diego, CA 92154",
32.548301,-116.974440,"Cross Border Terminal, Tijuana International Airport",Otay,California,San Diego,"2745 Otay Pacific Drive, San Diego, CA 92154",
32.543679,-117.033318,San Ysidro Pedestrian Border Crossing,San Ysidro,California,San Diego,"5165 Camino De La Plaza, San Diego, CA 92173",
32.544147,-117.029229,San Ysidro Land Port of Entry,San Ysidro,California,San Diego,"San Diego, CA 92173",
32.542212,-117.035953,PedWest US,San Diego,California,San Diego,"499 Virginia Ave, San Diego, CA 92173",