DisplayName,city,State,latitude,longitude
Homestead Temporary Shelter for Unaccompanied Children,Homestead,FL,25.460881,-80.443032
Catholic Charities Boystown,Miami,FL,25.791614,-80.224662
Southwest Key La Esperanza,Brownsville,TX,25.9060625,-97.502433
Southwest Key Casa Padre,Brownsville,TX,25.9425644,-97.424109
Southwest Key El Presidente,Brownsville,TX,25.9444467,-97.450052
Southwest Key Nueva Esperanza,Brownsville,TX,25.9736076,-97.511272
Southwest Key Antigua,San Benito,TX,26.1234561,-97.633772
Southwest Key Rio Grande,San Benito,TX,26.1247229,-97.611388
BCFS International Children's Shelter,Harlingen,TX,26.2,-97.7
Lutheran Social Services of the South (New Hope),McAllen,TX,26.216389,-98.236389
Southwest Key Combes,Harlingen,TX,26.2390524,-97.729322
BCFS HHS International Children’s Services Emergency Shelter,Raymondville,TX,26.481389,-97.783056
Bokenkamp (Lutheran Social Services),Corpus Christi,TX,27.717393,-97.349552
Bokenkamp (Lutheran Social Services),Corpus Christi,TX,27.742778,-97.401944
Brazoria County Youth Homes,Oyster Creek,TX,28.998611,-95.325
Galveston Multicultural Institute,Galveston,TX,29.281111,-94.825833
BCFS Chavaneaux,San Antonio,TX,29.321434,-98.528038
Baptist Child and Home Ministries,San Antonio,TX,29.416667,-98.5
BCFS HHS International Children's Services Emergency Shelter,San Antonio,TX,29.416667,-98.5
BCHM Region Children's Assessment Center,San Antonio,TX,29.416667,-98.5
Seton Home,San Antonio,TX,29.416667,-98.5
St. Peter St. Joseph Children's Home,San Antonio,TX,29.416667,-98.5
BCFS San Antonio,San Antonio,TX,29.424991,-98.490735
BCFS San Antonio,San Antonio,TX,29.424991,-98.490735
Shiloh Treatment Center,Manvel,TX,29.479167,-95.356389
BCFS San Antonio,San Antonio,TX,29.488798,-98.568963
Southwest Key Casa Houston,Houston,TX,29.6908955,-95.4068
Southwest Key Casa Blanca,San Antonio,TX,29.7049578,-98.495901
BCFS HHS International Children's Services,Baytown,TX,29.743889,-94.965833
Catholic Charities Houston,Houston,TX,29.759979,-95.373981
Catholic Charities Houston,Houston,TX,29.759979,-95.373981
St. Michaels Home for Children,Houston,TX,29.762778,-95.383056
St. Michaels Home for Children II,Houston,TX,29.762778,-95.383056
Southwest Key Casa Montezuma,Channelview,TX,29.780621,-95.117194
Southwest Key Houston,Houston,TX,29.8345864,-95.26118
Southwest Key Casa Quetzal,Houston,TX,29.8581563,-95.401626
Southwest Key Conroe,Conroe,TX,30.3712018,-95.51202
Tornillo detention facility,Fabens,TX,31.435464,-106.105442
Southwest Key Casita Del Valle,San Elizario,TX,31.5319475,-106.23043
Southwest Key Casa Franklin,El Paso,TX,31.7620542,-106.48785
Southwest Key Canutillo,Canutillo,TX,31.907735,-106.5951
Southwest Key Tucson,Tucson,AZ,32.19709,-110.828987
Southwest Key San Diego,San Diego,CA,32.72793,-117.15529
Southwest Key Lemon Grove ,Lemon Grove,CA,32.741389,-117.031667
Assessment Center of Tarrant County,Fort Worth,TX,32.75,-97.333333
Catholic Charities Fort Worth,Fort Worth,TX,32.754893,-97.327808
Catholic Charities Fort Worth,Fort Worth,TX,32.754893,-97.327808
Southwest Key El Cajon,El Cajon,CA,32.793513,-116.966042
Southwest Key El Cajon Casa San Diego,El Cajon,CA,32.808266,-116.941614
A New Leaf,Mesa,AZ,33.422351,-111.794889
Southwest Key Mesa,Mesa,AZ,33.422793,-111.765222
Catholic Charities Phoenix,Phoenix,AZ,33.448832,-112.06741
Southwest Key Glendale,Glendale,AZ,33.540229,-112.185256
Southwest Key Youngtown,Youngtown,AZ,33.589868,-112.303653
Southwest Key Casa Phoenix,Phoenix,AZ,33.60503,-112.070892
Crittenton,Fullerton,CA,33.874592,-117.911048
Crittenton,Fullerton,CA,33.874592,-117.911048
David and Margaret,La Verne,CA,34.103327,-117.785181
David and Margaret,La Verne,CA,34.103327,-117.785181
Shenandoah Valley Juvenile Center,Staunton,VA,38.183158,-79.022891
BCFS Fairfield,Fairfield,CA,38.230783,-122.123724
BCFS Fairfield,Fairfield,CA,38.230783,-122.123724
Yolo County Juvenile Detention,Woodland,CA,38.659802,-121.731314
Youth For Tomorrow,Bristow ,VA,38.741847,-77.547644
Youth for Tomorrow LTFC,Bristow ,VA,38.741847,-77.547644
Northern Virginia Juvenile Detention Center,Alexandria,VA,38.812238,-77.136042
The Villages,Topeka,KS,39.055833,-95.689444
Holy Family Institute,Pittsburgh,PA,40.510318,-80.099595
Holy Family Institute,Pittsburgh,PA,40.510318,-80.099595
Children's Village,Dobb's Ferry,NY,40.68295,-73.9708
MercyFirst,Syosett,NY,40.68295,-73.9708
Leake and Watts,Yonkers,NY,40.924291,-73.902569
Abbott House,Irvington,NY,41.043093,-73.856358
Abbott House,Irvington,NY,41.043277,-73.857807
Pleasantville Cottage School,Pleasantville,NY,41.128892,-73.777622
Lincoln Hall Boys Haven,Lincolndale,NY,41.342495,-73.728841
Noank,Ledyard - Mystic - Groton,CT,41.384083,-72.020066
Heartland Beverly,Chicago,IL,41.71703,-87.674294
Heartland International Childrens Center,Chicago,IL,41.879193,-87.632449
Childrens Home of Kingston,Kingston,NY,41.923996,-73.970812
Casa Esperanza Unaccompanied Children's Shelter,Bartlett,IL,41.989447,-88.203305
San Francisco Unaccompanied Children's Shelter,Des Plaines,IL,42.065357,-87.891609
Bethany Christian Services,Grand Rapids,MI,42.979841,-85.650753
Catholic Family Center,Rochester,NY,43.158828,-77.607511
Morrison Downtown,Portland,OR,45.511136,-122.657643
Morrison ,Portland,OR,45.511136,-122.657643
Selma Carson Home,Fife,WA,47.25069,-122.355402
CCS Tacoma,Tacoma ,WA,47.253196,-122.440347
Youthcare,Seattle,WA,47.668212,-122.299856
Friends of Youth,Kirkland ,WA,47.719085,-122.164651
Friends of Youth,Kirkland ,WA,47.719085,-122.164651
Friends of Youth,Kirkland ,WA,47.719085,-122.164651
Friends of Youth,Kirkland ,WA,47.719085,-122.164651
Board of Child Care,Baltimore,MD,39.34711547,-76.76303352
Center for Family Services,Camden,NJ,39.9407156,-75.1177912