DETLOC,lat,lon,Name,County,State,Address,Owner,Type,imgur
west-texas-detention-facility-tornillo-texas-2,31.16675,-105.351161,West Texas Detention Facility,Tornillo,Texas,"401 South Vaquero Avenue, Sierra Blanca, TX 79851",,,https://i.imgur.com/5kc5n2l.png
southwest-key-casa-padre-cameron-texas-3,25.942883,-97.424066,Southwest Key Casa Padre,Cameron,Texas,"7480 Padre Island Hwy, Brownsville, TX 78521",Southwest Key,Juvenile,https://i.imgur.com/la2epss.png
southwest-key-san-benito-casa-antigua-cameron-texas-4,26.123897,-97.632978,Southwest Key San Benito/Casa Antigua,Cameron,Texas,"502 E Expressway 83, San Benito, TX 78586",Southwest Key,Juvenile,https://i.imgur.com/Sewc3Md.png
southwest-key-combes-cameron-texas-5,26.239331,-97.729311,Southwest Key Combes,Cameron,Texas,"23011 Rio Rancho Rd, Harlingen, TX 78552",Southwest Key,Juvenile,https://i.imgur.com/7xsUu0I.png
southwest-key-el-cajon-san-diego-california-6,32.807801,-116.937924,Southwest Key El Cajon,San Diego,California,"1253 Broadway, El Cajon, CA 92021",Southwest Key,Juvenile,https://i.imgur.com/KmfakEy.png
southwest-key-estrella-del-norte-pima-arizona-7,32.241632,-110.97948,Southwest Key Estrella del Norte,Pima,Arizona,"1601 N Oracle Rd, Tucson, AZ 85705",Southwest Key,Juvenile,https://i.imgur.com/WswF85w.png
southwest-key-phoenix-1-of-2--casa-lighthouse-maricopa-arizona-8,33.481799,-112.051804,Southwest Key Phoenix (1 of 2) - Casa Lighthouse,Maricopa,Arizona,"2932 N 14th St, Phoenix, AZ 85014",Southwest Key,Juvenile,https://i.imgur.com/QskTJEM.png
southwest-key-casa-phoenix-2-of-2-maricopa-arizona-9,33.436043,-112.081264,Southwest Key Casa Phoenix (2 of 2),Maricopa,Arizona,"1201 S. 7th Ave., Phoenix, AZ 85007",Southwest Key,Juvenile,https://i.imgur.com/xXJnDcv.png
southwest-key-youngtown--hacienda-del-sol-maricopa-arizona-10,33.594944,-112.303751,Southwest Key Youngtown - Hacienda del Sol,Maricopa,Arizona,"12030 N 113th Ave, Youngtown, AZ 85363",Southwest Key,Juvenile,https://i.imgur.com/fTTGje8.png
southwest-key-glendale-maricopa-arizona-11,33.542104,-112.169822,Southwest Key Glendale,Maricopa,Arizona,"5125 W Myrtle Ave, Glendale, AZ 85301",Southwest Key,Juvenile,https://i.imgur.com/REIeNYQ.png
southwest-key-conroe-montgomery-texas-12,30.371544,-95.512041,Southwest Key Conroe,Montgomery,Texas,"10393 League Line Rd, Conroe, TX 77304",Southwest Key,Juvenile,https://i.imgur.com/cv5zZwA.png
joe-corley-detention-facility-montgomery-texas-13,30.335951,-95.448096,Joe Corley Detention Facility ,Montgomery,Texas,"500 Hilbig Rd, Conroe, TX 77301",ICE,,https://i.imgur.com/Pxkx61C.png
southwest-key-casa-quetzal-harris-texas-14,29.867513,-95.407907,Southwest Key Casa Quetzal,Harris,Texas,"7407 Interstate 45 N Houston, TX 77076",Southwest Key,Juvenile,https://i.imgur.com/KcPEyGK.png
southwest-key-casa-blanca-bexar-texas-15,29.705200,-98.495848,Southwest Key Casa Blanca,Bexar,Texas,"27102 Enchanted Eve, San Antonio, TX 78260",Southwest Key,Juvenile,https://i.imgur.com/bKqCJYi.png
southwest-key-casa-montezuma-harris-texas-16,29.774397,-95.145021,Southwest Key Casa Montezuma,Harris,Texas,"15101 East Fwy, Channelview, TX 77530",Southwest Key,Juvenile,https://i.imgur.com/YZBQqlu.png
southwest-key-casa-el-presidente-cameron-texas-17,25.944447,-97.450052,Southwest Key Casa El Presidente,Cameron,Texas,"Ted Hunt Blvd Brownsville, TX 78521",Southwest Key,Juvenile,https://i.imgur.com/lIvRulJ.png
southwest-key-casa-grande-cameron-texas-18,26.124723,-97.611388,Southwest Key Casa Grande,Cameron,Texas,"401 E Business HWY 77, San Benito, TX 78586",Southwest Key,Juvenile,https://i.imgur.com/bbmrk95.png
southwest-key-casa-franklin-el-paso-texas-19,31.762054,-106.487845,Southwest Key Casa Franklin,El Paso,Texas,"315 E Franklin Ave, El Paso, TX 79901",Southwest Key,Juvenile,https://i.imgur.com/Y1wN5gI.png
southwest-key-nueva-esperanza-cameron-texas-20,25.973608,-97.511272,Southwest Key Nueva Esperanza,Cameron,Texas,"321 Lorenaly Dr., Brownsville, TX 78526",Southwest Key,Juvenile,https://i.imgur.com/OLnJDcT.png
southwest-key-casa-houston-reliant-harris-texas-21,29.6909001,-95.4089882,Southwest Key Casa Houston Reliant,Harris,Texas,"1550 La Concha Lane, Houston, TX 77054",Southwest Key,Juvenile,https://i.imgur.com/lyAuKun.png
southwest-key-shelter-care-el-paso-texas-22,31.9077395,-106.5972866,Southwest Key Shelter Care,El Paso,Texas,"400 Talbot Ave, Canutillo, TX 79835",Southwest Key,Juvenile,https://i.imgur.com/I340it6.png
southwest-key-casita-del-valle-el-paso-texas-23,31.5319521,-106.2326139,Southwest Key Casita del Valle,El Paso,Texas,"1855 Lee Mor RD Clint, TX 79836",Southwest Key,Juvenile,https://i.imgur.com/aqivdLN.png
southwest-key-pleasant-hill-contra-costa-california-24,37.9473118,-122.0914811,Southwest Key Pleasant Hill,Contra Costa,California,"808 Grayson Rd, Pleasant Hill, CA 94523",Southwest Key,Juvenile,https://i.imgur.com/OMQPsD0.png
southwest-key-las-palmas-maricopa-arizona-25,33.434963,-111.840484,Southwest Key Las Palmas,Maricopa,Arizona,"421 West Brown Road, Mesa, AZ 85201
",Southwest Key,Juvenile,https://i.imgur.com/FQXf7my.png
southwest-key-lemon-grove-san-diego-california-26,32.728766,-117.037158,Southwest Key Lemon Grove,San Diego,California,"2205 El Prado Ave, Lemon Grove, CA 91945",Southwest Key,Juvenile,https://i.imgur.com/dd3sKWf.png
southwest-key-la-esperanza-home-for-boys-cameron-texas-27,25.902848,-97.502432,Southwest Key La Esperanza Home for Boys,Cameron,Texas,"745 E St Charles St, Brownsville, TX 78520",Southwest Key,Juvenile,https://i.imgur.com/JxcIL89.png
southwest-key-campbell-maricopa-arizona-28,33.501700,-112.115031,Southwest Key Campbell,Maricopa,Arizona,"2613 W Campbell Ave, Phoenix, AZ 85017",Southwest Key,Juvenile,https://i.imgur.com/kV9EOhB.png
shiloh-treatment-center-brazoria-texas-29,29.5184927,-95.3547106,Shiloh Treatment Center,Brazoria,Texas,"3926 Bahler Avenue, Manville, TX 77578",,Juvenile,https://i.imgur.com/Su3l4R8.png
shenendoah-valley-juvenile-center-augusta-virginia-30,38.1906885,-79.0154329,Shenendoah Valley Juvenile Center,Augusta,Virginia,"300 Technology Dr, Staunton, VA 24401",Shenandoah Valley Juvenile Center Commission,Juvenile,https://i.imgur.com/BvZRiFH.png
la-salle-county-regional-detention-center-la-salle-texas-31,28.045392, -99.336083,La Salle County Regional Detention Center,La Salle,Texas,"832 E. Texas 44 Encinal, TX, 78019",ICE,,https://i.imgur.com/9zw9Z4b.png
alice-peterson-residence-maricopa-arizona-32,33.422316,-111.739947,Alice Peterson Residence ,Maricopa,Arizona,"901 & 925 East University Dr., Mesa, AZ",A New Leaf,Juvenile,https://i.imgur.com/93AKvIp.png
dorothy-mitchell-residence-maricopa-arizona-33,33.422469,-111.755807,Dorothy Mitchell Residence ,Maricopa,Arizona,"3505 East University Dr., Mesa, AZ",A New Leaf,Juvenile,https://i.imgur.com/Qwk0nw9.png
msgr-bryan-walsh-s-children-s-village-miami-dade-florida-34,25.595520,-80.346889,Msgr. Bryan Walsh's Children's Village ,Miami-Dade,Florida,"9525 Sterling Dr, Cutler Bay, FL 33157",Catholic Charities,Juvenile,https://i.imgur.com/Doiwvvk.png
board-of-childcare-baltimore-maryland-35,39.346757,-76.760904,Board of Childcare,Baltimore,Maryland,"3300 Gaither Rd, Windsor Mill, MD 21244",United Methodist Church of Christ,Juvenile,https://i.imgur.com/YdXQew3.png
brazoria-county-youth-homes-brazoria-texas-36,29.005234,-95.330125,Brazoria County Youth Homes,Brazoria,Texas,"3315 FM 523 Rd., Freeport, Texas 77541",The Children's Inc,Juvenile,https://i.imgur.com/F1l9FzB.png
galveston-multicultural-institute-galveston-texas-37,29.288444,-94.815312,Galveston Multicultural Institute,Galveston,Texas,"4428 Avenue N., Galveston, TX 77550",The Children's Inc,Juvenile,https://i.imgur.com/aObqbA5.png
the-pelican-island-center-galveston-texas-38,29.335568,-94.788030,The Pelican Island Center,Galveston,Texas,,The Children's Inc,Juvenile,https://i.imgur.com/fw292wk.png
bethany-children-s-home-berks-pennsylvania-39,40.351887,-76.180276,Bethany Children's Home,Berks,Pennsylvania,"1863 Bethany Rd, Womelsdorf, PA 19567",,Juvenile,https://i.imgur.com/a97fbgc.png
yolo-county-juvenile-detention-center-yolo-california-40,38.660341,-121.729743,Yolo County Juvenile Detention Center,Yolo,California,"2880 E. Gibson Rd, Woodland, CA 95776",State of CA,Juvenile,https://i.imgur.com/x3zkDYU.png
children-s-home-of-kingston-ulster-new-york-41,41.923718,-73.971277,Children's Home of Kingston,Ulster,New York,"26 Grove St, Kingston, NY 12401",Child Welfare League of America,Juvenile,https://i.imgur.com/PvrofUn.png
leake-and-watts-passages-of-hope-westchester-new-york-42,40.916693,-73.906951,Leake and Watts Passages of Hope,Westchester,New York,"463 Hawthorne Avenue, Yonkers",Rising Ground,Juvenile,https://i.imgur.com/G5qPhVM.png
griffin-home-residential-programs--maceachern-house-washington-43,47.514545,-122.204341,Griffin Home Residential Programs - Maceachern House,,Washington,"2500 Lake Washington Blvd N, Renton, WA 98056",,Juvenile,https://i.imgur.com/THkbs6B.png
his-house-children-s-home-miami-dade-florida-44,25.956026,-80.279781,His House Children's Home,Miami-Dade,Florida,"20000 N.W. 47th Avenue Hector Building No. 2 Miami Gardens, FL 33055",Our Kids Inc.,Juvenile,https://i.imgur.com/MspjgKM.png
homestead-temporary-shelter-for-unaccompanied-children-florida-45,25.499972,-80.392694,Homestead Temporary Shelter for Unaccompanied Children,,Florida,"960 Bougainville Boulevard, Homestead FL",Cape Canaveral contractor,Juvenile,https://i.imgur.com/buSHB7o.png
holy-family-institute-allegheny-pennsylvania-46,40.510286,-80.099579,Holy Family Institute,Allegheny,Pennsylvania,"8235 Ohio River Blvd, Pittsburgh, PA 15202",t. Mary’s Villa for Children and Families,Juvenile,https://i.imgur.com/jS3nOXM.png
inwood-house-the-children-s-village-bronx-new-york-47,40.851364,-73.918196,Inwood House/The Children's Village,Bronx,New York,"1774 Popham Ave, Bronx, NY 10453",,Juvenile,https://i.imgur.com/5s2QWqp.png
mcallen-station-hildago-texas-48,26.159545,-98.270305,McAllen Station,Hildago,Texas,"3700 W. Ursula Ave. McAllen, TX",U.S. Customs and Border Protection,Juvenile,https://i.imgur.com/U8oRqjG.png
lincoln-hall-lincolndale-new-york-49,41.704064,-73.298408,Lincoln Hall,Lincolndale,New York,"route 202 lincolndale, new york 10540",Catholic Charities of the Archdiocese of New York,Juvenile,https://i.imgur.com/352YwXT.png
safe-haven-new-york-50,40.810687,-73.963642,Safe Haven,,New York,,Lutheran Social Services of NY,Juvenile,https://i.imgur.com/T6GE79U.png
bokenkamp-children-s-shelter-nueces-texas-51,27.717502,-97.349564,Bokenkamp Children's Shelter,Nueces,Texas,"5517 South Alameda Street, Corpus Christi, TX 78412",Lutheran Social Services of the South,Juvenile,https://i.imgur.com/wxLNbNt.png
mercy-first-nassau-new-york-52,40.821367,-73.488313,Mercy First,Nassau,New York,"525 Convent Road, Syosset, NY, 11791",Sisters of Mercy-Federal Government,Juvenile,https://i.imgur.com/qJEOGMD.png
morrison-paso-staff-secure-multnomah-oregon-53,45.466893,-122.560715,Morrison Paso Staff Secure,Multnomah,Oregon,"9911 SE Mt Scott Blvd, Portland, OR 97266",ICE,Juvenile,https://i.imgur.com/Bp3CUSV.png
morrison-knott-street-multnomah-oregon-54,45.541229,-122.545134,Morrison Knott Street,Multnomah,Oregon,"11456 Northeast Knott Street, Portland, OR 97220",ICE,Juvenile,https://i.imgur.com/J9V2ILh.png
nuevo-amanecer-latino-children-s-services-los-angeles-california-55,34.287434,-118.436139,Nuevo Amanecer Latino Children's Services,Los Angeles,California,"439 N Maclay Ave, San Fernando, CA 91340","Department of Children and Family Services of Los Angeles County, Children and Family Services San Bernardino County, Department of Public and Social Services Riverside County, and Orange County Social Services Agency",Juvenile,https://i.imgur.com/kE1rREr.png
neighbor-to-family--mia-office-broward-florida-56,25.927883,-80.226521,Neighbor to Family - MIA (office),Broward,Florida,"1515 NW 167th St Ste 200, Miami, FL 33169",Gordon Johnson,Juvenile,https://i.imgur.com/Lw8tNt2.png
neighbor-to-family--atl-office-fulton-georgia-57,33.817787,-84.120342,Neighbor to Family - ATL (office),Fulton,Georgia,"2075 West Park Place Boulevard, Suite E Stone Mountain, Georgia 30087",Gordon Johnson,Juvenile,https://i.imgur.com/ikj53ZN.png
new-hope-children-s-shelter-hildago-texas-58,26.209965,-98.210490,New Hope Children's Shelter,Hildago,Texas,"1000 N McColl Rd, McAllen, TX 78501",,Juvenile,https://i.imgur.com/w7LAK13.png
noank-community-support-services-office-new-london-connecticut-59,41.354427,-72.082968,Noank Community Support Services (office),New London,Connecticut,"306 Thames Street, Groton, CT 06340",Noank Baptist Church,Juvenile,https://i.imgur.com/3G5LnX2.png
pioneer-human-services-pierce-washington-60,47.250702,-122.355553,Pioneer Human Services,Pierce,Washington,"619 54th Ave E; Fife, Washington 98424",,Juvenile,https://i.imgur.com/ZkXiDVE.png
seton-home-bexar-texas-61,29.387876,-98.491064,Seton Home,Bexar,Texas,"1115 Mission Rd, San Antonio, TX 78210",Catholic Charities of the Archdiocese of San Antonio,Juvenile,https://i.imgur.com/1PVqmoV.png
st-peter-st-joseph-s-children-s-home-bexar-texas-62,29.388249,-98.492546,St. Peter St. Joseph's Children's Home,Bexar,Texas,"919 Mission Rd, San Antonio, TX 78210",Sisters of Charity of the Incarnate Word,,https://i.imgur.com/k0PmPgp.png
tumbleweed-shelter-for-youth-maricopa-arizona-63,33.453781,-112.030657,Tumbleweed Shelter For Youth,Maricopa,Arizona,"428 N. 24th St.  Phoenix, AZ 85008",,,https://i.imgur.com/kHqEO8v.png
elizabeth-contract-detention-facility-union-new-jersey-64,40.666032,-74.189867,Elizabeth Contract Detention Facility,Union,New Jersey,"625 Evans Street Elizabeth, NJ, 07201",ICE,,https://i.imgur.com/ARALvzm.png
youth-for-tomorrow-prince-william-virginia-65,38.741710,-77.547759,Youth for Tomorrow,Prince William,Virginia,11835 Hazel Circle Drive Bristow VA 20136,,,https://i.imgur.com/UoR22zv.png
karnes-county-residential-center-66,28.885434,-97.910987,Karnes County Residential Center,,,"409 FM1144, Karnes City, TX 78118",ICE,,https://i.imgur.com/AlCGYKG.png
assessment-center-of-tarrant-county-67,32.682715,-97.327129,Assessment Center of Tarrant County,,,"241 W. Thornhill Dr. Fort Worth, TX 76115",Texas Court Appointed Special Advocates,,https://i.imgur.com/wEu5vA7.png
bcfs-baptist-child-and-home-ministries-bexas-texas-68,29.601289,-98.472457,BCFS Baptist Child and Home Ministries,Bexas,Texas,"1506 Bexar Crossing, San Antonio, TX 78232",,,https://i.imgur.com/xylKlEm.png
bcfs-hhs-international-children-s-services-emergency-69,26.514737,-97.763402,BCFS HHS International Children’s Services Emergency,,,"Raymondsville, TX",,,https://i.imgur.com/3YJHd9j.png
bcfs-hhs-international-children-s-services-emergency-70,29.601289,-98.472457,BCFS HHS International Children's Services Emergency,,,"1506 Bexar Crossing, San Antonio, TX 78232",,,https://i.imgur.com/SHpcZ0B.png
bcfs-hhs-international-children-s-services-71,29.735505,-94.977427,BCFS -HHS International Children's Services,,,"Baytown, TX",,,https://i.imgur.com/Elw1O7A.png
bcfs-international-children-s-shelter-72,26.190643,-97.653490,BCFS International Children's Shelter,,,"3700 E Harrison Ave, Harlingen, TX 78550",,,https://i.imgur.com/tKoWYFY.png
bchm-region-children-s-assessment-center-73,29.424122,-98.493628,BCHM Region Children's Assessment Center,,,"San Antonio, TX",,,https://i.imgur.com/X4uEVUt.png
southwest-key-houston-74,29.834586,-95.261180,Southwest Key Houston,,,"7900 Mesa Dr, Houston, TX 77028",,,https://i.imgur.com/1aeMflo.png
st-michaels-home-for-children-75,29.744946,-95.378946,St. Michaels Home for Children,,,"2900 Louisiana St, Houston, TX 77006",,,https://i.imgur.com/0S8WxZ4.png
st-michaels-home-for-children-ii-76,29.760427,-95.369803,St. Michaels Home for Children II, ,,"Houston, TX",,,https://i.imgur.com/VBFJ0WY.png
,"Below (in red) are additions from the Washington Post data set. It is entirely likely that some of the sites are duplicates to ones above and are also duplicates with others listed in red. Above, orange indicates an exact match with the WaPo data, while yellow indicates sites that match but are listed with slightly different names.",,,,,,,,
,,,,,,,,,
,25.791614,-80.224662,Catholic Charities Boystown,Miami-Dade,FL,"Miami, FL",,,
,29.321434,-98.528038,BCFS Chavaneaux (maybe a dupe),Bexar,TX,"San Antonio, TX",,,
,29.424991,-98.490735,BCFS San Antonio (likely a dupe),Bexar,TX,"San Antonio, TX",,,
,29.424991,-98.490735,BCFS San Antonio (likely a dupe),Bexar,TX,"San Antonio, TX",,,
,29.759979,-95.373981,Catholic Charities Houston,Harris,TX,"Houston, TX",,,
,29.759979,-95.373981,Catholic Charities Houston (likely a dupe),Harris,TX,"Houston, TX",,,
,29.8345864,-95.26118,Southwest Key Houston (likely a dupe),Harris,TX,"Houston, TX",,,
,31.435464,-106.105442,Tornillo detention facility (likely a dupe),El Paso,TX,"Fabens, TX",,,
,32.72793,-117.15529,Southwest Key San Diego (likely a dupe) ,San Diego,CA,"San Diego, CA",,,
,32.754893,-97.327808,Catholic Charities Fort Worth,Tarrant,TX,"Forth Worth, TX",,,
,32.754893,-97.327808,Catholic Charities Fort Worth (likely a dupe),Tarrant,TX,"Forth Worth, TX",,,
,32.808266,-116.941614,South West Key El Cajon San Diego (likely a dupe),San Diego,CA,"El Cajon, CA",,,
,33.448832,-112.06741,Catholic Charities Phoenix,Maricopa,AZ,"Phoenix, AZ",,,
,33.874592,-117.911048,Crittenton   ,Orange,CA,"Fullerton, CA",,,
,33.874592,-117.911048,Crittenton (likely a dupe),Orange,CA,"Fullerton, CA",,,
,34.103327,-117.785181,David and Margaret ,Los Angeles,CA,"La Verne, CA",,,
,34.103327,-117.785181,David and Margaret (likely a dupe),Los Angeles,CA,"La Verne, CA",,,
,38.230783,-122.123724,BCFS Fairfield,Fairfield,CT,"Fairfield, CT",,,
,38.230783,-122.123724,BCFS Fairfield (likely a dupe),Fairfield,CT,"Fairfield, CT",,,
,38.741847,-77.547644,Youth for Tomorrow LTFC (likely a dupe),Prince William,VA,"Bristow, VA",,,
,38.812238,-77.136042,Northern Virginia Juvenile Detention,Alexandria City,VA,"Alexandria, VA",,,
,39.055833,-95.689444,The Villages,Shawnee County,KS,"Topeka, KS",,,
,40.510318,-80.099595,Holy Family Institute (likely a dupe),Allegheny,PA,"Pittsburgh, PA",,,
,40.68295,-73.9708,Children's Village,Westchester,NY,"Dobb's Ferry, NY",,,
,41.043093,-73.856358,Abbott House,Westchester,NY,"Irvington, NY",,,
,41.043277,-73.857807,Abbott House (likely a dupe),Westchester,NY,"Irvington, NY",,,
,41.128892,-73.777622,Pleasantville Cottage School,Westchester,NY,"Pleasantville, NY",,,
,41.71703,-87.674294,Heartland Beverly,Cook,IL,"Chicago, IL",,,
,41.879193,-87.632449,Heartland International Childrens Center (maybe not a dupe - Heartland runs multuple),Cook,IL,"Chicago, IL",,,
,41.989447,-88.203305,Casa Esperanza Unaccompanied Children's Shelter,Cook,IL,"Bartlett, IL",,,
,42.065357,-87.891609,San Francisco Unaccompanied Children's Shelter,Cook,IL,"Des Plaines, IL",,,
,42.979841,-85.650753,Bethany Christian Services,Kent,MI,"Grand Rapids, MI",,,
,43.158828,-77.607511,Catholic Family Center,Monroe,NY,"Rochester, NY",,,
,47.25069,-122.355402,Selma Carson Home (likely a dupe with Pioneer Human Services above),Pierce,WA,"Fife, WA",,,
,47.253196,-122.440347,CCS Tacoma,Pierce,WA,"Tacoma, WA",,,
,47.668212,-122.299856,Youthcare,King,WA,"Seattle, WA",,,
,47.719085,-122.164651,Friends of Youth,King,WA,"Kirkland, WA",,,
,47.719085,-122.164651,Friends of Youth (likely a dupe),King,WA,"Kirkland, WA",,,
,47.719085,-122.164651,Friends of Youth (likely a dupe),King,WA,"Kirkland, WA",,,
,47.719085,-122.164651,Friends of Youth (likely a dupe),King,WA,"Kirkland, WA",,,
,39.9407156,-75.1177912,Center for Family Services,Camden,NJ,"Camden, NJ",,,
IGNORE BELOW,,,,,,,,,
,,,,,,,,,
,,,From ICE website,,,,,,
BROKSTX,27.247159,-98.126963,Brooks County Detention Center,Brooks,Texas,"901 Co Rd 201, Falfurrias, TX 78355",ICE,,
LRDICDF,27.529217,-99.447908,Laredo Detention Center,Webb,Texas,"4702 East Saunders Laredo, TX, 78401",ICE,,
RGRNDTX,27.377706,-99.490087,Rio Grande Detention Center,Webb,Texas,"1001 San Rio Blvd Laredo, TX, 78046",ICE,,
EHDLGTX,26.296563,-97.918132,East Hidalgo Detention Center,Hildalgo,Texas,"1300 E Hwy 107 La Villa, TX, 78562",ICE,,
PIC,26.155036,-97.338279,Port Isabel Service Processing Center,Cameron,Texas,"27991 Buena Vista Blvd. Los Fresnos, TX, 78566",ICE,,
STFRCTX,28.657938,-99.200446,South Texas Family Residential Center,Frio,Texas,"300 El Rancho Way Dilley, TX, 78017",ICE,,
WACLATX,29.423409,-98.497067,Central Texas Detention Facility (GEO),Bexar,Texas,"218 South Laredo Street San Antonio, TX, 78207",ICE,,
KARNETX,28.883449,-97.911775,Karnes County Correctional Center,Karnes,Texas,"810 Commerce Street Karnes City, TX, 78118",ICE/GeoGroup,,
MONTGTX,30.335711,-95.447806,Joe Corley Detention Facility,Montgomery,Texas,"500 Hilbig Rd Conroe, TX, 77301",ICE,,
HOUICDF,29.94987,-95.312139,Houston Contract Detention Facility,Harris,Texas,"15850 Export Plaza Drive Houston, TX, 77032",ICE,,
HASKLTX,33.176576,-99.722348,Rolling Plains Correctional Facility,Haskell,Texas,"118 County Road 206 Haskell, TX, 79521",ICE,,
STCDFTX,28.895156,-99.121232,South Texas Detention Complex,Frio,Texas,"566 Veterans Drive Pearsall, TX, 78061",ICE,,
VALVETX,29.373191,-100.847867,Val Verde County Detention Center,Val Verde,Texas,"253 FM 2523 Hamilton Lane Del Rio, TX, 78840",ICE,,
BURNETX,30.740654,-98.252824,Burnet County Jail,Burnet,Texas,"900 County Lane Burnet, TX, 78611",ICE,,
,30.697676,-95.006068,IAH Secure Adult Detention Facility,Polk,Texas,"3400 FM 350 South Livingston, TX, 77351",ICE,,
,31.549304,-97.081435,Jack Harwell Detention Center,McLennan,Texas,"3101 E. Marlin Hwy Waco, TX, 76705",ICE,,
,31.166571,-105.351694,West Texas Detention Facility,Hudspeth,Texas,"401 S. Vaquero Avenue Sierra Blanca, TX, 79851",ICE,,
,32.076842,-106.254915,Otero County Processing Center,Doña Ana,"New Mexico
","26 McGregor Range Road Chaparral, NM, 88081",ICE,,
,31.793847,-106.369283,El Paso Processing Center,El Paso,Texas,"8915 Montana Ave. El Paso, TX, 79925",ICE,,
,31.831341,-106.378838,FSL La Tuna,El Paso,Texas,"SSG Sims Road Building 11636 El Paso, TX, 79906",ICE,,
,34.767281,-106.018581,Torrance County Detention Facility,Torrance,New Mexico,"209 County Road A049 Estancia, NM, 87016",ICE,,
,30.788608,-92.423115,Pine Prairie ICE Processing Center,Evangeline Parish,Louisiana,"1133 Hampton Dupre Road Pine Prairie, LA, 70576",ICE,,
,30.697676,-95.006068,IAH Secure Adult Detention Facility,Polk,Texas,"3400 FM 350 South Livingston, TX, 77351",ICE,,
EAZ,32.817747,-111.520047,Eloy Detention Center,Pinal,Arizona,"1705 E Hanna Rd Eloy , AZ, 85131",ICE,,
FLO,33.064284,-111.382416,Florence SPC,Pinal,Arizona,"3250 N. Pinal Parkway Florence, AZ, 85132",ICE,,
CCADCAZ,33.044161,-111.377164,Central Arizona Correctional Center,Pinal,Arizona,"1155 North Pinal Parkway Florence, AZ, 85132",ICE,,
,33.037121,-111.371352,Florence Correctional Center,Pinal,Arizona,"1100 Bowling Road Florence, AZ, 85132",ICE,,
,32.690755,-115.39788,Imperial Regional Detention Facility,Imperial,California,"1572 Gateway Road Calexico, CA, 92231",ICE,,
,32.575024,-116.914764,Otay Mesa Detention Center,San Diego,California,"7488 Calzada de la Fuente San Diego, CA, 92231",ICE,,
,34.558278,-117.441836,Adelanto ICE Processing Center,San Bernardino,California,"Adelanto West 10250 Rancho Road Adelanto, CA, 92301",ICE,,
,35.379968,-119.006438,Mesa Verde ICE Processing Facility,Kern,California,"425 Golden State Avenue Bakersfield, CA, 93301",ICE,,
,36.252981,-115.975284,Nevada Southern Detention Center,Nye,Nevada,"2190 E Mesquite Avenue Pahrump, NV, 89048",ICE/CoreCivic,,