OWNER INFO,,,
Owner,Center,Name of Source,Link
A New Leaf,Alice Peterson Residence ,Detention Facility Reports,http://trac.syr.edu/cgi-bin/detention.pl?reptime=201509&stat_type=tran&stat_timebucket=3_last12&stat_lower=1&stat_upper=40000&sortcol=facility_type_label&sortdir=asc
A New Leaf,Alice Peterson Residence ,A New Leaf,http://jobs.turnanewleaf.org/youth-care-worker-spanish-english-bilingual/job/7448310
A New Leaf,Dorothy Mitchell Residence ,Detention Facility Reports,http://trac.syr.edu/cgi-bin/detention.pl?reptime=201509&stat_type=tran&stat_timebucket=3_last12&stat_lower=1&stat_upper=40000&sortcol=facility_type_label&sortdir=asc
A New Leaf,Dorothy Mitchell Residence ,A New Leaf,http://jobs.turnanewleaf.org/youth-care-worker-spanish-english-bilingual/job/7448310
Catholic Charities,Msgr. Bryan Walsh's Children's Village ,Detention Facility Reports,http://trac.syr.edu/cgi-bin/detention.pl?reptime=201509&stat_type=tran&stat_timebucket=3_last12&stat_lower=1&stat_upper=40000&sortcol=facility_type_label&sortdir=asc
Catholic Charities,Msgr. Bryan Walsh's Children's Village ,Catholic Charities,http://www.ccadm.org/our-ministries/refugee-services/unaccompanied-minors/
ICE,Berks County Family Shelter,Detention Facility Reports,http://trac.syr.edu/cgi-bin/detention.pl?reptime=201509&stat_type=tran&stat_timebucket=3_last12&stat_lower=1&stat_upper=40000&sortcol=facility_type_label&sortdir=asc
ICE,Berks County Family Shelter,ICE.Gov,https://www.ice.gov/detention-facility/berks-family-residential-center
ICE,Elizabeth Contract Detention Facility,ICE.Gov,https://www.ice.gov/detention-facility/elizabeth-contract-detention-facility
Lutheran Social Services of NY,Safe Haven,Detention Facility Reports,http://trac.syr.edu/cgi-bin/detention.pl?reptime=201509&stat_type=tran&stat_timebucket=3_last12&stat_lower=1&stat_upper=40000&sortcol=facility_type_label&sortdir=asc
Lutheran Social Services of NY,Safe Haven,Idealist,https://www.idealist.org/en/nonprofit/44b6e3b7f7bc4513a408072f590901d6-lutheran-social-services-of-new-york-new-york?redirected-from-listing=true
Lutheran Social Services of NY,Safe Haven,Lutheran Social Services of NY,https://lssny.org/safe-haven-for-children-clothing-and-basic-needs-drive/
Lutheran Social Services of the South,Bokenkamp Children's Shelter,Detention Facility Reports,http://trac.syr.edu/cgi-bin/detention.pl?reptime=201509&stat_type=tran&stat_timebucket=3_last12&stat_lower=1&stat_upper=40000&sortcol=facility_type_label&sortdir=asc
Lutheran Social Services of the South,Bokenkamp Children's Shelter,CARF,http://www.carf.org/providerProfile.aspx?cid=239966
Southwest Key,Southwest Key Casa Padre,Texas Child Care Licensing,http://www.dfps.state.tx.us/Child_Care/Search_Texas_Child_Care/ppFacilitySearchResults.asp
Southwest Key,Southwest Key Casa Padre,"""Inside Casa Padre, the converted Walmart where the U.S. is holding nearly 1,500 immigrant children""",https://www.washingtonpost.com/local/inside-casa-padre-the-converted-walmart-where-the-us-is-holding-nearly-1500-immigrant-children/2018/06/14/0cd65ce4-6eba-11e8-bd50-b80389a4e569_story.html?noredirect=on&utm_term=.3ca2fd38b6eb
Southwest Key,Southwest Key Casa Padre,Detention Facility Reports,http://trac.syr.edu/cgi-bin/detention.pl?reptime=201509&stat_type=tran&stat_timebucket=3_last12&stat_lower=1&stat_upper=40000&sortcol=facility_type_label&sortdir=asc
Southwest Key,Southwest Key Casa Padre,"""Texas inspectors find series of violations at youth shelters""",https://www.brownsvilleherald.com/news/local/texas-inspectors-find-series-of-violations-at-youth-shelters/article_4d2ee338-6e65-11e8-b857-3b5a1864b1b4.html
Southwest Key,Southwest Key San Benito/Casa Antigua,Texas Child Care Licensing,http://www.dfps.state.tx.us/Child_Care/Search_Texas_Child_Care/ppFacilitySearchResults.asp
Southwest Key,Southwest Key San Benito/Casa Antigua,Detention Facility Reports,http://trac.syr.edu/cgi-bin/detention.pl?reptime=201509&stat_type=tran&stat_timebucket=3_last12&stat_lower=1&stat_upper=40000&sortcol=facility_type_label&sortdir=asc
Southwest Key,Southwest Key San Benito/Casa Antigua,"""Texas inspectors find series of violations at youth shelters""",https://www.brownsvilleherald.com/news/local/texas-inspectors-find-series-of-violations-at-youth-shelters/article_4d2ee338-6e65-11e8-b857-3b5a1864b1b4.html
Southwest Key,Southwest Key Campbell,Detention Facility Reports,http://trac.syr.edu/cgi-bin/detention.pl?reptime=201509&stat_type=tran&stat_timebucket=3_last12&stat_lower=1&stat_upper=40000&sortcol=facility_type_label&sortdir=asc
Southwest Key,Southwest Key Campbell,Careerbuilder,https://www.careerbuilder.com/jobs-at-southwest-key-programs/C2V57D6BXYFXY7J328X
Southwest Key,Southwest Key Combes,Texas Child Care Licensing,http://www.dfps.state.tx.us/Child_Care/Search_Texas_Child_Care/ppFacilitySearchResults.asp
Southwest Key,Southwest Key Combes,Detention Facility Reports,http://trac.syr.edu/cgi-bin/detention.pl?reptime=201509&stat_type=tran&stat_timebucket=3_last12&stat_lower=1&stat_upper=40000&sortcol=facility_type_label&sortdir=asc
Southwest Key,Southwest Key Combes,"""Texas inspectors find series of violations at youth shelters""",https://www.brownsvilleherald.com/news/local/texas-inspectors-find-series-of-violations-at-youth-shelters/article_4d2ee338-6e65-11e8-b857-3b5a1864b1b4.html
Southwest Key,Southwest Key Conroe,Texas Child Care Licensing,http://www.dfps.state.tx.us/Child_Care/Search_Texas_Child_Care/ppFacilitySearchResults.asp
Southwest Key,Southwest Key Conroe,Detention Facility Reports,http://trac.syr.edu/cgi-bin/detention.pl?reptime=201509&stat_type=tran&stat_timebucket=3_last12&stat_lower=1&stat_upper=40000&sortcol=facility_type_label&sortdir=asc
Southwest Key,Southwest Key Conroe,New Deportation Hearings Filed in Immigration Court,http://trac.syr.edu/phptools/immigration/charges/deport_filing_charge.php
Southwest Key,Southwest Key Conroe,Transfer of ICE Detainees from Southwest Key Conroe,http://trac.syr.edu/immigration/detention/201509/SWCONTX/tran/
Southwest Key,Southwest Key Casa Quetzal,Texas Child Care Licensing,http://www.dfps.state.tx.us/Child_Care/Search_Texas_Child_Care/ppFacilitySearchResults.asp
Southwest Key,Southwest Key Casa Quetzal,Detention Facility Reports,http://trac.syr.edu/cgi-bin/detention.pl?reptime=201509&stat_type=tran&stat_timebucket=3_last12&stat_lower=1&stat_upper=40000&sortcol=facility_type_label&sortdir=asc
Southwest Key,Southwest Key Casa Quetzal,New Deportation Hearings Filed in Immigration Court,http://trac.syr.edu/phptools/immigration/charges/deport_filing_charge.php
Southwest Key,Southwest Key Casa Blanca,Texas Child Care Licensing,http://www.dfps.state.tx.us/Child_Care/Search_Texas_Child_Care/ppFacilitySearchResults.asp
Southwest Key,Southwest Key Casa Blanca,Detention Facility Reports,http://trac.syr.edu/cgi-bin/detention.pl?reptime=201509&stat_type=tran&stat_timebucket=3_last12&stat_lower=1&stat_upper=40000&sortcol=facility_type_label&sortdir=asc
Southwest Key,Southwest Key Casa Montezuma,Texas Child Care Licensing,http://www.dfps.state.tx.us/Child_Care/Search_Texas_Child_Care/ppFacilitySearchResults.asp
Southwest Key,Southwest Key Casa Montezuma,Detention Facility Reports,http://trac.syr.edu/cgi-bin/detention.pl?reptime=201509&stat_type=tran&stat_timebucket=3_last12&stat_lower=1&stat_upper=40000&sortcol=facility_type_label&sortdir=asc
Southwest Key,Southwest Key Casa Montezuma,New Deportation Hearings Filed in Immigration Court,http://trac.syr.edu/phptools/immigration/charges/deport_filing_charge.php
Southwest Key,Southwest Key Casa El Presidente,Texas Child Care Licensing,http://www.dfps.state.tx.us/Child_Care/Search_Texas_Child_Care/ppFacilitySearchResults.asp
Southwest Key,Southwest Key Casa El Presidente,Detention Facility Reports,http://trac.syr.edu/cgi-bin/detention.pl?reptime=201509&stat_type=tran&stat_timebucket=3_last12&stat_lower=1&stat_upper=40000&sortcol=facility_type_label&sortdir=asc
Southwest Key,Southwest Key Casa El Presidente,"""Texas inspectors find series of violations at youth shelters""",https://www.brownsvilleherald.com/news/local/texas-inspectors-find-series-of-violations-at-youth-shelters/article_4d2ee338-6e65-11e8-b857-3b5a1864b1b4.html
Southwest Key,Southwest Key Casa Grande,Texas Child Care Licensing,http://www.dfps.state.tx.us/Child_Care/Search_Texas_Child_Care/ppFacilitySearchResults.asp
Southwest Key,Southwest Key Casa Grande,Detention Facility Reports,http://trac.syr.edu/cgi-bin/detention.pl?reptime=201509&stat_type=tran&stat_timebucket=3_last12&stat_lower=1&stat_upper=40000&sortcol=facility_type_label&sortdir=asc
Southwest Key,Southwest Key Casa Grande,"""Texas inspectors find series of violations at youth shelters""",https://www.brownsvilleherald.com/news/local/texas-inspectors-find-series-of-violations-at-youth-shelters/article_4d2ee338-6e65-11e8-b857-3b5a1864b1b4.html
Southwest Key,Southwest Key Casa Franklin,Texas Child Care Licensing,http://www.dfps.state.tx.us/Child_Care/Search_Texas_Child_Care/ppFacilitySearchResults.asp
Southwest Key,Southwest Key Casa Franklin,Detention Facility Reports,http://trac.syr.edu/cgi-bin/detention.pl?reptime=201509&stat_type=tran&stat_timebucket=3_last12&stat_lower=1&stat_upper=40000&sortcol=facility_type_label&sortdir=asc
Southwest Key,Southwest Key Nueva Esperanza,Texas Child Care Licensing,http://www.dfps.state.tx.us/Child_Care/Search_Texas_Child_Care/ppFacilitySearchResults.asp
Southwest Key,Southwest Key Nueva Esperanza,Detention Facility Reports,http://trac.syr.edu/cgi-bin/detention.pl?reptime=201509&stat_type=tran&stat_timebucket=3_last12&stat_lower=1&stat_upper=40000&sortcol=facility_type_label&sortdir=asc
Southwest Key,Southwest Key Nueva Esperanza,"""Texas inspectors find series of violations at youth shelters""",https://www.brownsvilleherald.com/news/local/texas-inspectors-find-series-of-violations-at-youth-shelters/article_4d2ee338-6e65-11e8-b857-3b5a1864b1b4.html
Southwest Key,Southwest Key Casa Houston Reliant,Texas Child Care Licensing,http://www.dfps.state.tx.us/Child_Care/Search_Texas_Child_Care/ppFacilitySearchResults.asp
Southwest Key,Southwest Key Casa Houston Reliant,"""Ministerio de Relaciones Exteriores informa sobre resultados de visita realizada a EUA para verificar condiciones de niñez migrante salvadoreña"" ",http://consuladolosangeles.rree.gob.sv/index.php/component/k2/itemlist/category/189-noticias-new-jersey?start=18
Southwest Key,Southwest Key Casa Houston Reliant,Detention Facility Reports,http://trac.syr.edu/cgi-bin/detention.pl?reptime=201509&stat_type=tran&stat_timebucket=3_last12&stat_lower=1&stat_upper=40000&sortcol=facility_type_label&sortdir=asc
Southwest Key,Southwest Key Casa Houston Reliant,New Deportation Hearings Filed in Immigration Court,http://trac.syr.edu/phptools/immigration/charges/deport_filing_charge.php
Southwest Key,Southwest Key Shelter Care,Texas Child Care Licensing,http://www.dfps.state.tx.us/Child_Care/Search_Texas_Child_Care/ppFacilitySearchResults.asp
Southwest Key,Southwest Key Shelter Care,Detention Facility Reports,http://trac.syr.edu/cgi-bin/detention.pl?reptime=201509&stat_type=tran&stat_timebucket=3_last12&stat_lower=1&stat_upper=40000&sortcol=facility_type_label&sortdir=asc
Southwest Key,Southwest Key Casita del Valle,Texas Child Care Licensing,http://www.dfps.state.tx.us/Child_Care/Search_Texas_Child_Care/ppFacilitySearchResults.asp
Southwest Key,Southwest Key Casita del Valle,Detention Facility Reports,http://trac.syr.edu/cgi-bin/detention.pl?reptime=201509&stat_type=tran&stat_timebucket=3_last12&stat_lower=1&stat_upper=40000&sortcol=facility_type_label&sortdir=asc
Southwest Key,Southwest Key El Cajon,"""Rare Look Inside A Child Migrant Shelter In El Cajon Amid Family Separation Outcry""",http://www.kpbs.org/news/2018/jun/15/look-inside-child-migrant-shelter-el-cajon-amid-fa/
Southwest Key,Southwest Key El Cajon,Detention Facility Reports,http://trac.syr.edu/cgi-bin/detention.pl?reptime=201509&stat_type=tran&stat_timebucket=3_last12&stat_lower=1&stat_upper=40000&sortcol=facility_type_label&sortdir=asc
Southwest Key,Southwest Key Lemon Grove,"""Rare Look Inside A Child Migrant Shelter In El Cajon Amid Family Separation Outcry""",http://www.kpbs.org/news/2018/jun/15/look-inside-child-migrant-shelter-el-cajon-amid-fa/
Southwest Key,Southwest Key Lemon Grove,Detention Facility Reports,http://trac.syr.edu/cgi-bin/detention.pl?reptime=201509&stat_type=tran&stat_timebucket=3_last12&stat_lower=1&stat_upper=40000&sortcol=facility_type_label&sortdir=asc
Southwest Key,Southwest Key Las Palmas,Detention Facility Reports,http://trac.syr.edu/cgi-bin/detention.pl?reptime=201509&stat_type=tran&stat_timebucket=3_last12&stat_lower=1&stat_upper=40000&sortcol=facility_type_label&sortdir=asc
Southwest Key,Southwest Key Las Palmas,Arizona Department of Human Services Medicare Records,https://www.azdhs.gov/documents/licensing/databases/MEDCAID_CERT_LIST.txt
Southwest Key,Southwest Key Estrella del Norte,Detention Facility Reports,http://trac.syr.edu/cgi-bin/detention.pl?reptime=201509&stat_type=tran&stat_timebucket=3_last12&stat_lower=1&stat_upper=40000&sortcol=facility_type_label&sortdir=asc
Southwest Key,Southwest Key Phoenix (1 of 2) - Casa Lighthouse,Detention Facility Reports,http://trac.syr.edu/cgi-bin/detention.pl?reptime=201509&stat_type=tran&stat_timebucket=3_last12&stat_lower=1&stat_upper=40000&sortcol=facility_type_label&sortdir=asc
Southwest Key,Southwest Key Casa Phoenix (2 of 2),Detention Facility Reports,http://trac.syr.edu/cgi-bin/detention.pl?reptime=201509&stat_type=tran&stat_timebucket=3_last12&stat_lower=1&stat_upper=40000&sortcol=facility_type_label&sortdir=asc
Southwest Key,Southwest Key Youngtown - Hacienda del Sol,Detention Facility Reports,http://trac.syr.edu/cgi-bin/detention.pl?reptime=201509&stat_type=tran&stat_timebucket=3_last12&stat_lower=1&stat_upper=40000&sortcol=facility_type_label&sortdir=asc
Southwest Key,Southwest Key Glendale,Detention Facility Reports,http://trac.syr.edu/cgi-bin/detention.pl?reptime=201509&stat_type=tran&stat_timebucket=3_last12&stat_lower=1&stat_upper=40000&sortcol=facility_type_label&sortdir=asc
Southwest Key,Southwest Key Pleasant Hill,Detention Facility Reports,http://trac.syr.edu/cgi-bin/detention.pl?reptime=201509&stat_type=tran&stat_timebucket=3_last12&stat_lower=1&stat_upper=40000&sortcol=facility_type_label&sortdir=asc
The Children's Center Inc,Brazoria County Youth Homes,Get Social Worker Jobs,https://www.getsocialworkerjobs.com/m/detail.php?job=94873128
The Children's Center Inc,Brazoria County Youth Homes,Detention Facility Reports,http://trac.syr.edu/cgi-bin/detention.pl?reptime=201509&stat_type=tran&stat_timebucket=3_last12&stat_lower=1&stat_upper=40000&sortcol=facility_type_label&sortdir=asc
The Children's Center Inc,Galveston Multicultural Institute,Get Social Worker Jobs,https://www.getsocialworkerjobs.com/m/detail.php?job=94873128
The Children's Center Inc,The Pelican Island Center,Get Social Worker Jobs,https://www.getsocialworkerjobs.com/m/detail.php?job=94873129
United Methodist Church of Christ,Board of Childcare,Detention Facility Reports,http://trac.syr.edu/cgi-bin/detention.pl?reptime=201509&stat_type=tran&stat_timebucket=3_last12&stat_lower=1&stat_upper=40000&sortcol=facility_type_label&sortdir=asc
United Methodist Church of Christ,Board of Childcare,Board of Childcare,http://www.boardofchildcare.org/caminoshero/program-overview-caminos/
,Shenandoah Juvenile Center,"""Trump Administration Using Contractors Accused of Abuse to Detain Undocumented Children""",https://tytnetwork.com/2018/05/28/trump-administration-using-contractors-accused-of-abuse-to-detain-undocumented-children/
,Shenandoah Juvenile Center,Detention Facility Reports,http://trac.syr.edu/cgi-bin/detention.pl?reptime=201509&stat_type=tran&stat_timebucket=3_last12&stat_lower=1&stat_upper=40000&sortcol=facility_type_label&sortdir=asc
,Shiloh Treatment Center,"""Trump Administration Using Contractors Accused of Abuse to Detain Undocumented Children""",https://tytnetwork.com/2018/05/28/trump-administration-using-contractors-accused-of-abuse-to-detain-undocumented-children/
,Shiloh Treatment Center,Detention Facility Reports,http://trac.syr.edu/cgi-bin/detention.pl?reptime=201509&stat_type=tran&stat_timebucket=3_last12&stat_lower=1&stat_upper=40000&sortcol=facility_type_label&sortdir=asc
,Shiloh Treatment Center,New Deportation Hearings Filed in Immigration Court,http://trac.syr.edu/phptools/immigration/charges/deport_filing_charge.php
,Bethany Children's Home,Indeed,https://www.google.com/search?biw=1280&bih=681&tbs=qdr%3Ay&ei=u8coW77NJqSL5wLV3ouIDw&q=bethany+children%27s+home+womelsdorf+pa+refugee&oq=bethany+children%27s+home+womelsdorf+pa+refugee&gs_l=psy-ab.3..33i160k1l2.36157.37049.0.37173.7.7.0.0.0.0.157.879.0j7.7.0....0...1c.1.64.psy-ab..0.7.878...0i22i30k1j33i21k1.0.YKBbDeqZzYg
,Bethany Children's Home,Detention Facility Reports,http://trac.syr.edu/cgi-bin/detention.pl?reptime=201509&stat_type=tran&stat_timebucket=3_last12&stat_lower=1&stat_upper=40000&sortcol=facility_type_label&sortdir=asc
,Yolo County Juvenile Detention Center,Detention Facility Reports,http://trac.syr.edu/cgi-bin/detention.pl?reptime=201509&stat_type=tran&stat_timebucket=3_last12&stat_lower=1&stat_upper=40000&sortcol=facility_type_label&sortdir=asc
,Yolo County Juvenile Detention Center,"""Feds Almost Lose One of Its Two Secure Detention Centers for Unaccompanied Immigrant Minors""",https://chronicleofsocialchange.org/juvenile-justice-2/feds-almost-lose-juvenile-detention-contract-unaccompanied-kids-arriving-border
,Children's Home of Kingston,Detention Facility Reports,http://trac.syr.edu/cgi-bin/detention.pl?reptime=201509&stat_type=tran&stat_timebucket=3_last12&stat_lower=1&stat_upper=40000&sortcol=facility_type_label&sortdir=asc
,Children's Home of Kingston,"""Readings describe refugee kids’ pain and hope""",https://hudsonvalleyone.com/2017/04/18/readings-describe-refugee-kids-pain-and-hope/
,Leake and Watts - Passages of Hope,Leake and Watts,
,Leake and Watts - Passages of Hope,Hireable,https://hireable.com/job/youth-care-worker-spanish-english-bilingual-at-leake-and-watts-in-yonkers-ny_16970879d2dd3045108e60776fec4fa458a5fa7f
,Griffin Home Residential Programs,Detention Facility Reports,http://trac.syr.edu/cgi-bin/detention.pl?reptime=201509&stat_type=tran&stat_timebucket=3_last12&stat_lower=1&stat_upper=40000&sortcol=facility_type_label&sortdir=asc
,Griffin Home Residential Programs,Friends of Youth,http://www.friendsofyouth.org/griffinhome.aspx
,His House Children's Home ,His House Children's Home,https://www.hhch.org/services/
,His House Children's Home ,Detention Facility Reports,http://trac.syr.edu/cgi-bin/detention.pl?reptime=201509&stat_type=tran&stat_timebucket=3_last12&stat_lower=1&stat_upper=40000&sortcol=facility_type_label&sortdir=asc
,Holy Family Institute,"""Child Migrants Separated from Families Being Held at Holy Family Institute""",http://www.post-gazette.com/news/faith-religion/2018/06/17/Child-migrants-separated-from-families-being-housed-at-Holy-Family-Institute/stories/201806160074
,Holy Family Institute,Detention Facility Reports,http://trac.syr.edu/cgi-bin/detention.pl?reptime=201509&stat_type=tran&stat_timebucket=3_last12&stat_lower=1&stat_upper=40000&sortcol=facility_type_label&sortdir=asc
,Inwood House/The Children's Village,The Children's Village,https://childrensvillage.org/our-programs/inwood-house/
,Inwood House/The Children's Village,Detention Facility Reports,http://trac.syr.edu/cgi-bin/detention.pl?reptime=201509&stat_type=tran&stat_timebucket=3_last12&stat_lower=1&stat_upper=40000&sortcol=facility_type_label&sortdir=asc
,Lincoln Hall,Detention Facility Reports,http://trac.syr.edu/cgi-bin/detention.pl?reptime=201509&stat_type=tran&stat_timebucket=3_last12&stat_lower=1&stat_upper=40000&sortcol=facility_type_label&sortdir=asc
,Lincoln Hall,ACLU,https://www.nyclu.org/sites/default/files/field_documents/ecf_1_class_action_complaint_and_petition_for_a_writ_of_habeas_corpus_2018-02-16_00062143xb2d9a.pdf
,Mercy First,Detention Facility Reports,http://trac.syr.edu/cgi-bin/detention.pl?reptime=201509&stat_type=tran&stat_timebucket=3_last12&stat_lower=1&stat_upper=40000&sortcol=facility_type_label&sortdir=asc
,Mercy First,Mercy First,http://videos.mercyfirst.org/wwwTemp/documents/Intern_Brochure_2017.pdf
,Morrison Center Paso Staff Secure,Center for Human Rights,http://www.centerforhumanrights.org/PDFs/ORR_InterimGuidanceReCustodyHearings072017.pdf
,Morrison Center Paso Staff Secure,Detention Facility Reports,http://trac.syr.edu/cgi-bin/detention.pl?reptime=201509&stat_type=tran&stat_timebucket=3_last12&stat_lower=1&stat_upper=40000&sortcol=facility_type_label&sortdir=asc
,Nuevo Amanecer Latino Children's Services,Detention Facility Reports,http://trac.syr.edu/cgi-bin/detention.pl?reptime=201509&stat_type=tran&stat_timebucket=3_last12&stat_lower=1&stat_upper=40000&sortcol=facility_type_label&sortdir=asc
,Nuevo Amanecer Latino Children's Services,Senate.gov,https://www.hsgac.senate.gov/imo/media/doc/2016-01-28%20Final%20Redacted%20Appendix%20-%20for%20Website.pdf
,Neighbor to Family - MIA,Detention Facility Reports,http://trac.syr.edu/cgi-bin/detention.pl?reptime=201509&stat_type=tran&stat_timebucket=3_last12&stat_lower=1&stat_upper=40000&sortcol=facility_type_label&sortdir=asc
,Neighbor to Family - MIA,Indeed,https://www.indeed.com/cmp/Neighbor-to-Family/reviews
,Neighbor to Family - ATL,Indeed,https://www.indeed.com/cmp/Neighbor-to-Family/reviews
,Neighbor to Family - ATL,Detention Facility Reports,http://trac.syr.edu/cgi-bin/detention.pl?reptime=201509&stat_type=tran&stat_timebucket=3_last12&stat_lower=1&stat_upper=40000&sortcol=facility_type_label&sortdir=asc
,New Hope Shelter,Detention Facility Reports,http://trac.syr.edu/cgi-bin/detention.pl?reptime=201509&stat_type=tran&stat_timebucket=3_last12&stat_lower=1&stat_upper=40000&sortcol=facility_type_label&sortdir=asc
,New Hope Shelter,Facebook,https://www.facebook.com/pages/New-Hope-Childrens-Shelter/457524514435182
,New Hope Shelter,CARF,http://www.carf.org/providerProfile.aspx?cid=271185
,Noank Community Support Services,Senate.gov,https://www.hsgac.senate.gov/imo/media/doc/2016-01-28%20Final%20Redacted%20Appendix%20-%20for%20Website.pdf
,Noank Community Support Services,Detention Facility Reports,http://trac.syr.edu/cgi-bin/detention.pl?reptime=201509&stat_type=tran&stat_timebucket=3_last12&stat_lower=1&stat_upper=40000&sortcol=facility_type_label&sortdir=asc
,Pioneer Human Services,Detention Facility Reports,http://trac.syr.edu/cgi-bin/detention.pl?reptime=201509&stat_type=tran&stat_timebucket=3_last12&stat_lower=1&stat_upper=40000&sortcol=facility_type_label&sortdir=asc
,Pioneer Human Services,"""The boys came north without parents or papers. Now they're detained in Fife. What does their future hold?
",https://www.thenewstribune.com/news/local/news-columns-blogs/matt-driscoll/article213016629.html
,Seton Home,Detention Facility Reports,http://trac.syr.edu/cgi-bin/detention.pl?reptime=201509&stat_type=tran&stat_timebucket=3_last12&stat_lower=1&stat_upper=40000&sortcol=facility_type_label&sortdir=asc
,Seton Home,Federal Register,https://s3.amazonaws.com/public-inspection.federalregister.gov/2017-13081.pdf
,St. Peter's St. Joseph's Children's Home,St. PJ Children's Home,http://www.stpjhome.org/employment/
,St. Peter's St. Joseph's Children's Home,Detention Facility Reports,http://trac.syr.edu/cgi-bin/detention.pl?reptime=201509&stat_type=tran&stat_timebucket=3_last12&stat_lower=1&stat_upper=40000&sortcol=facility_type_label&sortdir=asc
,Tumbleweed Shelter for Youth,Detention Facility Reports,http://trac.syr.edu/cgi-bin/detention.pl?reptime=201509&stat_type=tran&stat_timebucket=3_last12&stat_lower=1&stat_upper=40000&sortcol=facility_type_label&sortdir=asc
,Tumbleweed Shelter for Youth,Federal Register,https://s3.amazonaws.com/public-inspection.federalregister.gov/2017-13081.pdf
,Youth for Tomorrow,Detention Facility Reports,http://trac.syr.edu/cgi-bin/detention.pl?reptime=201509&stat_type=tran&stat_timebucket=3_last12&stat_lower=1&stat_upper=40000&sortcol=facility_type_label&sortdir=asc
,Youth for Tomorrow,Federal Register,https://s3.amazonaws.com/public-inspection.federalregister.gov/2017-13081.pdf
,Assessment Center of Tarrant County,Texas Department of Health and Human Services Table,https://www.documentcloud.org/documents/4523974-ORR-Capacity-Census-and-Variances-in-Effect-6-18.html
,BCFS Baptist Child and Home Ministries,Texas Department of Health and Human Services Table,https://www.documentcloud.org/documents/4523974-ORR-Capacity-Census-and-Variances-in-Effect-6-18.html
,BCFS HHS International Children’s Services Emergency,Texas Department of Health and Human Services Table,https://www.documentcloud.org/documents/4523974-ORR-Capacity-Census-and-Variances-in-Effect-6-18.html
,BCFS HHS International Children's Services Emergency,Texas Department of Health and Human Services Table,https://www.documentcloud.org/documents/4523974-ORR-Capacity-Census-and-Variances-in-Effect-6-18.html
,BCFS -HHS International Children's Services,Texas Department of Health and Human Services Table,https://www.documentcloud.org/documents/4523974-ORR-Capacity-Census-and-Variances-in-Effect-6-18.html
,BCFS International Children's Shelter,Texas Department of Health and Human Services Table,https://www.documentcloud.org/documents/4523974-ORR-Capacity-Census-and-Variances-in-Effect-6-18.html
,BCHM Region Children's Assessment Center,Texas Department of Health and Human Services Table,https://www.documentcloud.org/documents/4523974-ORR-Capacity-Census-and-Variances-in-Effect-6-18.html
,Southwest Key Houston,Texas Department of Health and Human Services Table,https://www.documentcloud.org/documents/4523974-ORR-Capacity-Census-and-Variances-in-Effect-6-18.html
,St. Michaels Home for Children,Texas Department of Health and Human Services Table,https://www.documentcloud.org/documents/4523974-ORR-Capacity-Census-and-Variances-in-Effect-6-18.html
,St. Michaels Home for Children II,"""What we know about Texas-regulated facilities holding migrant children""

",https://www.revealnews.org/article/everything-we-know-about-texas-regulated-facilities-holding-migrant-children-violations-numbers-and-more/