DETLOC,lat,lon,name,address,popup
ADLNTCA,34.5592,-117.441,Adelanto ICE Processing Center,Adelanto East 10400 Rancho Road | Adelanto West 10250 Rancho Road              ,"<strong><a href='https://www.ice.gov/detention-facility/adelanto-ice-processing-center'>Adelanto ICE Processing Center</a></strong>\n<div class='location vcard'>\n  <div class='adr'>\n              <div class='street-address'>\n        Adelanto East 10400 Rancho Road | Adelanto West 10250 Rancho Road              </div>\n              <span class='locality'>Adelanto</span>,               <span class='region'>CA</span>,               <span class='postal-code'>92301</span>\n                                              </div>\n  </div>\n\n"
ALBCONY,42.7516,-73.8162,Albany County Correctional Facility,840 Albany Shaker Road              ,"<strong><a href='https://www.ice.gov/detention-facility/albany-county-correctional-facility'>Albany County Correctional Facility</a></strong>\n<div class='location vcard'>\n  <div class='adr'>\n              <div class='street-address'>\n        840 Albany Shaker Road              </div>\n              <span class='locality'>Albany</span>,               <span class='region'>NY</span>,               <span class='postal-code'>12211</span>\n                                              </div>\n  </div>\n\n"
ALLEGNY,42.2056,-78.0097,Allegany County Jail,4884 State Route 19              ,"<strong><a href='https://www.ice.gov/detention-facility/allegany-county-jail'>Allegany County Jail</a></strong>\n<div class='location vcard'>\n  <div class='adr'>\n              <div class='street-address'>\n        4884 State Route 19              </div>\n              <span class='locality'>Belmont</span>,               <span class='region'>NY</span>,               <span class='postal-code'>14813</span>\n                                              </div>\n  </div>\n\n"
ATLANGA,33.7473,-84.3955,Atlanta City Detention Center,254 Peachtree Street              ,"<strong><a href='https://www.ice.gov/detention-facility/atlanta-city-detention-center'>Atlanta City Detention Center</a></strong>\n<div class='location vcard'>\n  <div class='adr'>\n              <div class='street-address'>\n        254 Peachtree Street              </div>\n              <span class='locality'>Southwest Atlanta</span>,               <span class='region'>GA</span>,               <span class='postal-code'>30303</span>\n                                              </div>\n  </div>\n\n"
BAKERFL,30.2957,-82.1222,Baker County Facility,1 Sheriff's Office Drive              ,"<strong><a href='https://www.ice.gov/detention-facility/baker-county-facility'>Baker County Facility</a></strong>\n<div class='location vcard'>\n  <div class='adr'>\n              <div class='street-address'>\n        1 Sheriff's Office Drive              </div>\n              <span class='locality'>MacClenny</span>,               <span class='region'>FL</span>,               <span class='postal-code'>32063</span>\n                                              </div>\n  </div>\n\n"
BEDFOOH,41.4053,-81.498,Bedford Heights City Jail,5661 Perkins Road              ,"<strong><a href='https://www.ice.gov/detention-facility/bedford-heights-city-jail'>Bedford Heights City Jail</a></strong>\n<div class='location vcard'>\n  <div class='adr'>\n              <div class='street-address'>\n        5661 Perkins Road              </div>\n              <span class='locality'>Bedford Heights</span>,               <span class='region'>OH</span>,               <span class='postal-code'>44146</span>\n                                              </div>\n  </div>\n\n"
BERGENJ,40.8733,-74.0401,Bergen County Jail,160 South River Street              ,"<strong><a href='https://www.ice.gov/detention-facility/bergen-county-jail'>Bergen County Jail</a></strong>\n<div class='location vcard'>\n  <div class='adr'>\n              <div class='street-address'>\n        160 South River Street              </div>\n              <span class='locality'>Hackensack</span>,               <span class='region'>NJ</span>,               <span class='postal-code'>Jersey</span>\n                                              </div>\n  </div>\n\n"
BEFAMPA,40.3793,-76.0195,Berks Family Residential Center,1040 Berks Road              ,"<strong><a href='https://www.ice.gov/detention-facility/berks-family-residential-center'>Berks Family Residential Center</a></strong>\n<div class='location vcard'>\n  <div class='adr'>\n              <div class='street-address'>\n        1040 Berks Road              </div>\n              <span class='locality'>Leesport</span>,               <span class='region'>PA</span>,               <span class='postal-code'>19533</span>\n                                              </div>\n  </div>\n\n"
BOONEKY,39.0366,-84.7283,Boone County Jail,3020 Conrad Lane              ,"<strong><a href='https://www.ice.gov/detention-facility/boone-county-jail'>Boone County Jail</a></strong>\n<div class='location vcard'>\n  <div class='adr'>\n              <div class='street-address'>\n        3020 Conrad Lane              </div>\n              <span class='locality'>Burlington</span>,               <span class='region'>KY</span>,               <span class='postal-code'>41005</span>\n                                              </div>\n  </div>\n\n"
BRINDMA,41.6657,-70.9949,Bristol County House of Corrections,400 Faunce Corner Road              ,"<strong><a href='https://www.ice.gov/detention-facility/bristol-county-house-corrections'>Bristol County House of Corrections</a></strong>\n<div class='location vcard'>\n  <div class='adr'>\n              <div class='street-address'>\n        400 Faunce Corner Road              </div>\n              <span class='locality'>North Dartmouth</span>,               <span class='region'>MA</span>,               <span class='postal-code'>02747</span>\n                                              </div>\n  </div>\n\n"
BROKSTX,27.2479,-98.1268,Brooks County Detention Center,901 County Road 201              ,"<strong><a href='https://www.ice.gov/detention-facility/brooks-county-detention-center'>Brooks County Detention Center</a></strong>\n<div class='location vcard'>\n  <div class='adr'>\n              <div class='street-address'>\n        901 County Road 201              </div>\n              <span class='locality'>Falfurrias</span>,               <span class='region'>TX</span>,               <span class='postal-code'>78355 </span>\n                                              </div>\n  </div>\n\n"
WCCPBFL,26.2772,-80.151,Broward Transitional Center,3900 N. Powerline Road              ,"<strong><a href='https://www.ice.gov/detention-facility/broward-transitional-center'>Broward Transitional Center</a></strong>\n<div class='location vcard'>\n  <div class='adr'>\n              <div class='street-address'>\n        3900 N. Powerline Road              </div>\n              <span class='locality'>Pompano Beach</span>,               <span class='region'>FL</span>,               <span class='postal-code'>33073</span>\n                                              </div>\n  </div>\n\n"
BTV,43.0202,-78.2026,Buffalo Federal Detention Facility,4250 Federal Drive              ,"<strong><a href='https://www.ice.gov/detention-facility/buffalo-federal-detention-facility'>Buffalo Federal Detention Facility</a></strong>\n<div class='location vcard'>\n  <div class='adr'>\n              <div class='street-address'>\n        4250 Federal Drive              </div>\n              <span class='locality'>Batavia</span>,               <span class='region'>NY</span>,               <span class='postal-code'>York</span>\n                                              </div>\n  </div>\n\n"
BURNETX,30.7454,-98.2461,Burnet County Jail,900 County Lane              ,"<strong><a href='https://www.ice.gov/detention-facility/burnet-county-jail'>Burnet County Jail</a></strong>\n<div class='location vcard'>\n  <div class='adr'>\n              <div class='street-address'>\n        900 County Lane              </div>\n              <span class='locality'>Burnet</span>,               <span class='region'>TX</span>,               <span class='postal-code'>78611</span>\n                                              </div>\n  </div>\n\n"
BUTLEOH,39.3881,-84.5559,Butler County Correctional Complex,705 Hanover Street              ,"<strong><a href='https://www.ice.gov/detention-facility/butler-county-correctional-complex'>Butler County Correctional Complex</a></strong>\n<div class='location vcard'>\n  <div class='adr'>\n              <div class='street-address'>\n        705 Hanover Street              </div>\n              <span class='locality'>Hamilton</span>,               <span class='region'>OH</span>,               <span class='postal-code'>45011</span>\n                                              </div>\n  </div>\n\n"
CALHOMI,42.3157,-85.1767,Calhoun County Correctional Center,185 E. Michigan Street              ,"<strong><a href='https://www.ice.gov/detention-facility/calhoun-county-correctional-center'>Calhoun County Correctional Center</a></strong>\n<div class='location vcard'>\n  <div class='adr'>\n              <div class='street-address'>\n        185 E. Michigan Street              </div>\n              <span class='locality'>Battle Creek</span>,               <span class='region'>MI</span>,               <span class='postal-code'>49014</span>\n                                              </div>\n  </div>\n\n"
CARJAMN,44.789,-93.5933,Carver County Jail Services,600 East 4th Street              ,"<strong><a href='https://www.ice.gov/detention-facility/carver-county-jail-services'>Carver County Jail Services</a></strong>\n<div class='location vcard'>\n  <div class='adr'>\n              <div class='street-address'>\n        600 East 4th Street              </div>\n              <span class='locality'>Chaska</span>,               <span class='region'>MN</span>,               <span class='postal-code'>55318 </span>\n                                              </div>\n  </div>\n\n"
CASSCNE,41.0112,-95.8831,Cass County Jail Services,336 Main Street              ,"<strong><a href='https://www.ice.gov/detention-facility/cass-county-jail-services'>Cass County Jail Services</a></strong>\n<div class='location vcard'>\n  <div class='adr'>\n              <div class='street-address'>\n        336 Main Street              </div>\n              <span class='locality'>Plattsmouth</span>,               <span class='region'>NE</span>,               <span class='postal-code'>68048</span>\n                                              </div>\n  </div>\n\n"
CCADCAZ,33.0442,-111.377,Central Arizona Correctional Center,1155 North Pinal Parkway              ,"<strong><a href='https://www.ice.gov/detention-facility/central-arizona-correctional-center'>Central Arizona Correctional Center</a></strong>\n<div class='location vcard'>\n  <div class='adr'>\n              <div class='street-address'>\n        1155 North Pinal Parkway              </div>\n              <span class='locality'>Florence</span>,               <span class='region'>AZ</span>,               <span class='postal-code'>85132</span>\n                                              </div>\n  </div>\n\n"
WACLATX,29.4236,-98.4973,Central Texas Detention Facility (GEO),218 South Laredo Street              ,"<strong><a href='https://www.ice.gov/detention-facility/central-texas-detention-facility-geo'>Central Texas Detention Facility (GEO)</a></strong>\n<div class='location vcard'>\n  <div class='adr'>\n              <div class='street-address'>\n        218 South Laredo Street              </div>\n              <span class='locality'>San Antonio</span>,               <span class='region'>TX</span>,               <span class='postal-code'>78207</span>\n                                              </div>\n  </div>\n\n"
CHACONY,42.2546,-79.5036,Chautauqua County Jail,15 E. Chautauqua Street              ,"<strong><a href='https://www.ice.gov/detention-facility/chautauqua-county-jail'>Chautauqua County Jail</a></strong>\n<div class='location vcard'>\n  <div class='adr'>\n              <div class='street-address'>\n        15 E. Chautauqua Street              </div>\n              <span class='locality'>Mayville</span>,               <span class='region'>NY</span>,               <span class='postal-code'>14757</span>\n                                              </div>\n  </div>\n\n"
CLAYCIN,39.5237,-87.119,Clay County Jail,611 East Jackson Street              ,"<strong><a href='https://www.ice.gov/detention-facility/clay-county-jail'>Clay County Jail</a></strong>\n<div class='location vcard'>\n  <div class='adr'>\n              <div class='street-address'>\n        611 East Jackson Street              </div>\n              <span class='locality'>Brazil</span>,               <span class='region'>IN</span>,               <span class='postal-code'>47834</span>\n                                              </div>\n  </div>\n\n"
,41.1509,-77.3497,Clinton County Correctional Facility,58 Pine Mountain Road              ,"<strong><a href='https://www.ice.gov/detention-facility/clinton-county-correctional-facility'>Clinton County Correctional Facility</a></strong>\n<div class='location vcard'>\n  <div class='adr'>\n              <div class='street-address'>\n        58 Pine Mountain Road              </div>\n              <span class='locality'>McElhattan</span>,               <span class='region'>PA</span>,               <span class='postal-code'>17748<p>North</span>\n                                              </div>\n  </div>\n\n"
CLICONY,44.7202,-73.4672,Clinton County Jail,25 McCarthy Drive              ,"<strong><a href='https://www.ice.gov/detention-facility/clinton-county-jail'>Clinton County Jail</a></strong>\n<div class='location vcard'>\n  <div class='adr'>\n              <div class='street-address'>\n        25 McCarthy Drive              </div>\n              <span class='locality'>Plattsburgh</span>,               <span class='region'>NY</span>,               <span class='postal-code'>12901</span>\n                                              </div>\n  </div>\n\n"
CONWECA,37.9944,-122.354,Contra Costa West County Detention Facility,5555 Giant Highway              ,"<strong><a href='https://www.ice.gov/detention-facility/contra-costa-west-county-detention-facility'>Contra Costa West County Detention Facility</a></strong>\n<div class='location vcard'>\n  <div class='adr'>\n              <div class='street-address'>\n        5555 Giant Highway              </div>\n              <span class='locality'>Richmond</span>,               <span class='region'>CA</span>,               <span class='postal-code'>94806</span>\n                                              </div>\n  </div>\n\n"
TULCOOK,36.1573,-95.9993,David L. Moss Criminal Justice Center,300 N. Denver Ave.              ,"<strong><a href='https://www.ice.gov/detention-facility/david-l-moss-criminal-justice-center'>David L. Moss Criminal Justice Center</a></strong>\n<div class='location vcard'>\n  <div class='adr'>\n              <div class='street-address'>\n        300 N. Denver Ave.              </div>\n              <span class='locality'>Tulsa</span>,               <span class='region'>OK</span>,               <span class='postal-code'>74103</span>\n                                              </div>\n  </div>\n\n"
DHDFNJ,40.7182,-74.1286,Delaney Hall Detention Facility,Delaney Hall Detention Facility (DHDF)              ,"<strong><a href='https://www.ice.gov/detention-facility/delaney-hall-detention-facility'>Delaney Hall Detention Facility</a></strong>\n<div class='location vcard'>\n  <div class='adr'>\n              <div class='street-address'>\n        Delaney Hall Detention Facility (DHDF)              </div>\n              <span class='locality'>451 Doremus Avenue</span>,               <span class='region'>NJ</span>                                                  </div>\n  </div>\n\n"
DENICDF,39.7606,-104.849,Denver Contract Detention Facility,3130 North Oakland Street              ,"<strong><a href='https://www.ice.gov/detention-facility/denver-contract-detention-facility'>Denver Contract Detention Facility</a></strong>\n<div class='location vcard'>\n  <div class='adr'>\n              <div class='street-address'>\n        3130 North Oakland Street              </div>\n              <span class='locality'>Aurora</span>,               <span class='region'>CO</span>,               <span class='postal-code'>80010</span>\n                                              </div>\n  </div>\n\n"
DODGEWI,43.4076,-88.7041,Dodge Detention Facility,141 N. Main Street              ,"<strong><a href='https://www.ice.gov/detention-facility/dodge-detention-facility'>Dodge Detention Facility</a></strong>\n<div class='location vcard'>\n  <div class='adr'>\n              <div class='street-address'>\n        141 N. Main Street              </div>\n              <span class='locality'>Juneau</span>,               <span class='region'>WI</span>,               <span class='postal-code'>53039</span>\n                                              </div>\n  </div>\n\n"
DOCORNE,41.2534,-95.9384,Douglas County Department of Corrections,710 South 17th Street              ,"<strong><a href='https://www.ice.gov/detention-facility/douglas-county-department-corrections'>Douglas County Department of Corrections</a></strong>\n<div class='location vcard'>\n  <div class='adr'>\n              <div class='street-address'>\n        710 South 17th Street              </div>\n              <span class='locality'>Omaha</span>,               <span class='region'>NE</span>,               <span class='postal-code'>68102</span>\n                                              </div>\n  </div>\n\n"
EHDLGTX,26.2966,-97.9181,East Hidalgo Detention Center,1300 E Hwy 107              ,"<strong><a href='https://www.ice.gov/detention-facility/east-hidalgo-detention-center'>East Hidalgo Detention Center</a></strong>\n<div class='location vcard'>\n  <div class='adr'>\n              <div class='street-address'>\n        1300 E Hwy 107              </div>\n              <span class='locality'>La Villa</span>,               <span class='region'>TX</span>,               <span class='postal-code'>78562</span>\n                                              </div>\n  </div>\n\n"
ELPASCO,38.7879,-104.779,El Paso County Criminal Justice Center,2739 East Las Vegas Street              ,"<strong><a href='https://www.ice.gov/detention-facility/el-paso-county-criminal-justice-center'>El Paso County Criminal Justice Center</a></strong>\n<div class='location vcard'>\n  <div class='adr'>\n              <div class='street-address'>\n        2739 East Las Vegas Street              </div>\n              <span class='locality'>Colorado Springs</span>,               <span class='region'>CO</span>,               <span class='postal-code'>80906</span>\n                                              </div>\n  </div>\n\n"
EPC,31.7939,-106.369,El Paso Processing Center,8915 Montana Ave.              ,"<strong><a href='https://www.ice.gov/detention-facility/el-paso-processing-center'>El Paso Processing Center</a></strong>\n<div class='location vcard'>\n  <div class='adr'>\n              <div class='street-address'>\n        8915 Montana Ave.              </div>\n              <span class='locality'>El Paso</span>,               <span class='region'>TX</span>,               <span class='postal-code'>79925</span>\n                                              </div>\n  </div>\n\n"
ELZICDF,40.6661,-74.1897,Elizabeth Contract Detention Facility,625 Evans Street              ,"<strong><a href='https://www.ice.gov/detention-facility/elizabeth-contract-detention-facility'>Elizabeth Contract Detention Facility</a></strong>\n<div class='location vcard'>\n  <div class='adr'>\n              <div class='street-address'>\n        625 Evans Street              </div>\n              <span class='locality'>Elizabeth</span>,               <span class='region'>NJ</span>,               <span class='postal-code'>07201</span>\n                                              </div>\n  </div>\n\n"
EAZ,32.8177,-111.52,Eloy Detention Center,1705 E Hanna Rd              ,"<strong><a href='https://www.ice.gov/detention-facility/eloy-detention-center'>Eloy Detention Center</a></strong>\n<div class='location vcard'>\n  <div class='adr'>\n              <div class='street-address'>\n        1705 E Hanna Rd              </div>\n              <span class='locality'>Eloy </span>,               <span class='region'>AZ</span>,               <span class='postal-code'>85131</span>\n                                              </div>\n  </div>\n\n"
ESSEXNJ,40.7212,-74.1272,Essex County Correctional Facility,354 Doremus Avenue              ,"<strong><a href='https://www.ice.gov/detention-facility/essex-county-correctional-facility'>Essex County Correctional Facility</a></strong>\n<div class='location vcard'>\n  <div class='adr'>\n              <div class='street-address'>\n        354 Doremus Avenue              </div>\n              <span class='locality'>Newark</span>,               <span class='region'>NJ</span>,               <span class='postal-code'>07105</span>\n                                              </div>\n  </div>\n\n"
ETOWAAL,34.0166,-86.0124,Etowah County Detention Center,827 Forrest Avenue              ,"<strong><a href='https://www.ice.gov/detention-facility/etowah-county-detention-center'>Etowah County Detention Center</a></strong>\n<div class='location vcard'>\n  <div class='adr'>\n              <div class='street-address'>\n        827 Forrest Avenue              </div>\n              <span class='locality'>Gadsden</span>,               <span class='region'>AL</span>,               <span class='postal-code'>35901</span>\n                                              </div>\n  </div>\n\n"
FRMVLVA,37.3239,-78.437,Farmville Detention Center,508 Waterworks Road              ,"<strong><a href='https://www.ice.gov/detention-facility/farmville-detention-center'>Farmville Detention Center</a></strong>\n<div class='location vcard'>\n  <div class='adr'>\n              <div class='street-address'>\n        508 Waterworks Road              </div>\n              <span class='locality'>Farmville</span>,               <span class='region'>VA</span>,               <span class='postal-code'>23901</span>\n                                              </div>\n  </div>\n\n"
CCAFLAZ,33.0371,-111.371,Florence Correctional Center,1100 Bowling Road              ,"<strong><a href='https://www.ice.gov/detention-facility/florence-correctional-center'>Florence Correctional Center</a></strong>\n<div class='location vcard'>\n  <div class='adr'>\n              <div class='street-address'>\n        1100 Bowling Road              </div>\n              <span class='locality'>Florence</span>,               <span class='region'>AZ</span>,               <span class='postal-code'>85132</span>\n                                              </div>\n  </div>\n\n"
FLO,33.0637,-111.379,Florence SPC,3250 N. Pinal Parkway              ,"<strong><a href='https://www.ice.gov/detention-facility/florence-spc'>Florence SPC</a></strong>\n<div class='location vcard'>\n  <div class='adr'>\n              <div class='street-address'>\n        3250 N. Pinal Parkway              </div>\n              <span class='locality'>Florence</span>,               <span class='region'>AZ</span>,               <span class='postal-code'>85132</span>\n                                              </div>\n  </div>\n\n"
GREENMA,42.5959,-72.6138,Franklin County House of Correction,160 Elm Street              ,"<strong><a href='https://www.ice.gov/detention-facility/franklin-county-house-correction'>Franklin County House of Correction</a></strong>\n<div class='location vcard'>\n  <div class='adr'>\n              <div class='street-address'>\n        160 Elm Street              </div>\n              <span class='locality'>Greenfield</span>,               <span class='region'>MA</span>,               <span class='postal-code'>01301</span>\n                                              </div>\n  </div>\n\n"
FREDEMD,39.3655,-77.4136,Frederick County Detention Center,7300 Marcies Choice Lane              ,"<strong><a href='https://www.ice.gov/detention-facility/frederick-county-detention-center'>Frederick County Detention Center</a></strong>\n<div class='location vcard'>\n  <div class='adr'>\n              <div class='street-address'>\n        7300 Marcies Choice Lane              </div>\n              <span class='locality'>Frederick</span>,               <span class='region'>MD</span>,               <span class='postal-code'>21704</span>\n                                              </div>\n  </div>\n\n"
FREEBMN,43.646,-93.368,Freeborn County Jail Services,411 S. Broadway Ave.              ,"<strong><a href='https://www.ice.gov/detention-facility/freeborn-county-jail-services'>Freeborn County Jail Services</a></strong>\n<div class='location vcard'>\n  <div class='adr'>\n              <div class='street-address'>\n        411 S. Broadway Ave.              </div>\n              <span class='locality'>Albert Lea</span>,               <span class='region'>MN</span>,               <span class='postal-code'>56007</span>\n                                              </div>\n  </div>\n\n"
,31.8313,-106.379,FSL La Tuna,SSG Sims Road                  <span class='additional'>\n             Building 11636          </span>\n              ,"<strong><a href='https://www.ice.gov/detention-facility/fsl-la-tuna'>FSL La Tuna</a></strong>\n<div class='location vcard'>\n  <div class='adr'>\n              <div class='street-address'>\n        SSG Sims Road                  <span class='additional'>\n             Building 11636          </span>\n              </div>\n              <span class='locality'>El Paso</span>,               <span class='region'>TX</span>,               <span class='postal-code'>79906</span>\n                                              </div>\n  </div>\n\n"
GEAUGOH,41.5047,-81.1915,Geauga County Safety Center,12450 Merritt Road              ,"<strong><a href='https://www.ice.gov/detention-facility/geauga-county-safety-center'>Geauga County Safety Center</a></strong>\n<div class='location vcard'>\n  <div class='adr'>\n              <div class='street-address'>\n        12450 Merritt Road              </div>\n              <span class='locality'>Chardon</span>,               <span class='region'>OH</span>,               <span class='postal-code'>44024</span>\n                                              </div>\n  </div>\n\n"
GLADEFL,26.8386,-81.1247,Glades County Detention Center,1297 East SR 78              ,"<strong><a href='https://www.ice.gov/detention-facility/glades-county-detention-center'>Glades County Detention Center</a></strong>\n<div class='location vcard'>\n  <div class='adr'>\n              <div class='street-address'>\n        1297 East SR 78              </div>\n              <span class='locality'>Moore Haven</span>,               <span class='region'>FL</span>,               <span class='postal-code'>33471</span>\n                                              </div>\n  </div>\n\n"
HASHENE,40.9269,-98.3281,Hall County Department of Corrections,110 Public Safety Drive              ,"<strong><a href='https://www.ice.gov/detention-facility/hall-county-department-corrections'>Hall County Department of Corrections</a></strong>\n<div class='location vcard'>\n  <div class='adr'>\n              <div class='street-address'>\n        110 Public Safety Drive              </div>\n              <span class='locality'>Grand Island</span>,               <span class='region'>NE</span>,               <span class='postal-code'>68801</span>\n                                              </div>\n  </div>\n\n"
HARDJIA,42.3601,-93.0976,Hardin County Correctional Center,1116 14th Avenue              ,"<strong><a href='https://www.ice.gov/detention-facility/hardin-county-correctional-center'>Hardin County Correctional Center</a></strong>\n<div class='location vcard'>\n  <div class='adr'>\n              <div class='street-address'>\n        1116 14th Avenue              </div>\n              <span class='locality'>Eldora</span>,               <span class='region'>IA</span>,               <span class='postal-code'>50627</span>\n                                              </div>\n  </div>\n\n"
HENDENV,36.031,-114.979,Henderson Detention Center,18 S. Water St.              ,"<strong><a href='https://www.ice.gov/detention-facility/henderson-detention-center'>Henderson Detention Center</a></strong>\n<div class='location vcard'>\n  <div class='adr'>\n              <div class='street-address'>\n        18 S. Water St.              </div>\n              <span class='locality'>Henderson</span>,               <span class='region'>NV</span>,               <span class='postal-code'>89015</span>\n                                              </div>\n  </div>\n\n"
HOUICDF,29.9497,-95.3122,Houston Contract Detention Facility,15850 Export Plaza Drive              ,"<strong><a href='https://www.ice.gov/detention-facility/houston-contract-detention-facility'>Houston Contract Detention Facility</a></strong>\n<div class='location vcard'>\n  <div class='adr'>\n              <div class='street-address'>\n        15850 Export Plaza Drive              </div>\n              <span class='locality'>Houston</span>,               <span class='region'>TX</span>,               <span class='postal-code'>77032</span>\n                                              </div>\n  </div>\n\n"
HOWARMD,39.1694,-76.7818,Howard County Detention Center,7301 Waterloo Rd              ,"<strong><a href='https://www.ice.gov/detention-facility/howard-county-detention-center'>Howard County Detention Center</a></strong>\n<div class='location vcard'>\n  <div class='adr'>\n              <div class='street-address'>\n        7301 Waterloo Rd              </div>\n              <span class='locality'>Jessup</span>,               <span class='region'>MD</span>,               <span class='postal-code'>20794</span>\n                                              </div>\n  </div>\n\n"
HUDSONJ,40.7279,-74.1084,Hudson County Correctional Facility,30-35 Hackensack Avenue              ,"<strong><a href='https://www.ice.gov/detention-facility/hudson-county-correctional-facility'>Hudson County Correctional Facility</a></strong>\n<div class='location vcard'>\n  <div class='adr'>\n              <div class='street-address'>\n        30-35 Hackensack Avenue              </div>\n              <span class='locality'>Kearny</span>,               <span class='region'>NJ</span>,               <span class='postal-code'>07032</span>\n                                              </div>\n  </div>\n\n"
POLKCTX,30.6977,-95.0061,IAH Secure Adult Detention Facility,3400 FM 350 South              ,"<strong><a href='https://www.ice.gov/detention-facility/iah-secure-adult-detention-facility'>IAH Secure Adult Detention Facility</a></strong>\n<div class='location vcard'>\n  <div class='adr'>\n              <div class='street-address'>\n        3400 FM 350 South              </div>\n              <span class='locality'>Livingston</span>,               <span class='region'>TX</span>,               <span class='postal-code'>77351</span>\n                                              </div>\n  </div>\n\n"
IRADFCA,32.6908,-115.398,Imperial Regional Detention Facility,1572 Gateway Road              ,"<strong><a href='https://www.ice.gov/detention-facility/imperial-regional-detention-facility'>Imperial Regional Detention Facility</a></strong>\n<div class='location vcard'>\n  <div class='adr'>\n              <div class='street-address'>\n        1572 Gateway Road              </div>\n              <span class='locality'>Calexico</span>,               <span class='region'>CA</span>,               <span class='postal-code'>92231</span>\n                                              </div>\n  </div>\n\n"
IRWINGA,31.5781,-83.253,Irwin County Detention Center,132 Cotton Drive              ,"<strong><a href='https://www.ice.gov/detention-facility/irwin-county-detention-center'>Irwin County Detention Center</a></strong>\n<div class='location vcard'>\n  <div class='adr'>\n              <div class='street-address'>\n        132 Cotton Drive              </div>\n              <span class='locality'>Ocilla</span>,               <span class='region'>GA</span>,               <span class='postal-code'>31774</span>\n                                              </div>\n  </div>\n\n"
JHRWLTX,31.5493,-97.0814,Jack Harwell Detention Center,3101 E. Marlin Hwy              ,"<strong><a href='https://www.ice.gov/detention-facility/jack-harwell-detention-center'>Jack Harwell Detention Center</a></strong>\n<div class='location vcard'>\n  <div class='adr'>\n              <div class='street-address'>\n         3101 E. Marlin Hwy              </div>\n              <span class='locality'>Waco</span>,               <span class='region'>TX</span>,               <span class='postal-code'>76705</span>\n                                              </div>\n  </div>\n\n"
MUSIKCA,33.6625,-117.703,James A. Musick Facility,13502 Musick Road              ,"<strong><a href='https://www.ice.gov/detention-facility/james-musick-facility'>James A. Musick Facility</a></strong>\n<div class='location vcard'>\n  <div class='adr'>\n              <div class='street-address'>\n        13502 Musick Road              </div>\n              <span class='locality'>Irvine</span>,               <span class='region'>CA</span>,               <span class='postal-code'>92618</span>\n                                              </div>\n  </div>\n\n"
JEFFEIL,38.3143,-88.9027,Jefferson County Justice Center,911 Casey Ave.              ,"<strong><a href='https://www.ice.gov/detention-facility/jefferson-county-justice-center'>Jefferson County Justice Center</a></strong>\n<div class='location vcard'>\n  <div class='adr'>\n              <div class='street-address'>\n        911 Casey Ave.              </div>\n              <span class='locality'>Mount Vernon</span>,               <span class='region'>IL</span>,               <span class='postal-code'>62864</span>\n                                              </div>\n  </div>\n\n"
MONTGTX,30.3358,-95.4481,Joe Corley Detention Facility,500 Hilbig Rd              ,"<strong><a href='https://www.ice.gov/detention-facility/joe-corley-detention-facility'>Joe Corley Detention Facility</a></strong>\n<div class='location vcard'>\n  <div class='adr'>\n              <div class='street-address'>\n        500 Hilbig Rd              </div>\n              <span class='locality'>Conroe</span>,               <span class='region'>TX</span>,               <span class='postal-code'>77301</span>\n                                              </div>\n  </div>\n\n"
JOHNSTX,32.372,-97.3891,Johnson County Detention Center,1800 Ridgemar Drive              ,"<strong><a href='https://www.ice.gov/detention-facility/johnson-county-detention-center'>Johnson County Detention Center</a></strong>\n<div class='location vcard'>\n  <div class='adr'>\n              <div class='street-address'>\n        1800 Ridgemar Drive              </div>\n              <span class='locality'>Cleburne</span>,               <span class='region'>TX</span>,               <span class='postal-code'>76031</span>\n                                              </div>\n  </div>\n\n"
KARNETX,28.8831,-97.9114,Karnes County Correctional Center,810 Commerce Street              ,"<strong><a href='https://www.ice.gov/detention-facility/karnes-county-correctional-center'>Karnes County Correctional Center</a></strong>\n<div class='location vcard'>\n  <div class='adr'>\n              <div class='street-address'>\n        810 Commerce Street              </div>\n              <span class='locality'>Karnes City</span>,               <span class='region'>TX</span>,               <span class='postal-code'>78118</span>\n                                              </div>\n  </div>\n\n"
KCCDCTX,28.8858,-97.9112,Karnes County Residential Center,409 FM 1144              ,"<strong><a href='https://www.ice.gov/detention-facility/karnes-county-residential-center'>Karnes County Residential Center</a></strong>\n<div class='location vcard'>\n  <div class='adr'>\n              <div class='street-address'>\n        409 FM 1144              </div>\n              <span class='locality'>Karnes City</span>,               <span class='region'>TX</span>,               <span class='postal-code'>78118</span>\n                                              </div>\n  </div>\n\n"
KENOSWI,42.5943,-87.9119,Kenosha County Detention Center,4777 88th Avenue              ,"<strong><a href='https://www.ice.gov/detention-facility/kenosha-county-detention-center'>Kenosha County Detention Center</a></strong>\n<div class='location vcard'>\n  <div class='adr'>\n              <div class='street-address'>\n        4777 88th Avenue              </div>\n              <span class='locality'>Kenosha</span>,               <span class='region'>WI</span>,               <span class='postal-code'>53144</span>\n                                              </div>\n  </div>\n\n"
KRO,25.7543,-80.4891,Krome Service Processing Center,18201 SW 12th Street              ,"<strong><a href='https://www.ice.gov/detention-facility/krome-service-processing-center'>Krome Service Processing Center</a></strong>\n<div class='location vcard'>\n  <div class='adr'>\n              <div class='street-address'>\n        18201 SW 12th Street              </div>\n              <span class='locality'>Miami</span>,               <span class='region'>FL</span>,               <span class='postal-code'>33194</span>\n                                              </div>\n  </div>\n\n"
LSRDCTX,28.0462,-99.3527,La Salle County Regional Detention Center,832 E. Texas 44              ,"<strong><a href='https://www.ice.gov/detention-facility/la-salle-county-regional-detention-center'>La Salle County Regional Detention Center</a></strong>\n<div class='location vcard'>\n  <div class='adr'>\n              <div class='street-address'>\n        832 E. Texas 44              </div>\n              <span class='locality'>Encinal</span>,               <span class='region'>TX</span>,               <span class='postal-code'>78019</span>\n                                              </div>\n  </div>\n\n"
LRDICDF,27.5289,-99.4479,Laredo Detention Center,4702 East Saunders              ,"<strong><a href='https://www.ice.gov/detention-facility/laredo-detention-center'>Laredo Detention Center</a></strong>\n<div class='location vcard'>\n  <div class='adr'>\n              <div class='street-address'>\n        4702 East Saunders              </div>\n              <span class='locality'>Laredo</span>,               <span class='region'>TX</span>,               <span class='postal-code'>78401</span>\n                                              </div>\n  </div>\n\n"
JENADLA,31.7083,-92.1524,LaSalle ICE Processing Center,830 Pine Hill Road              ,"<strong><a href='https://www.ice.gov/detention-facility/lasalle-ice-processing-center'>LaSalle ICE Processing Center</a></strong>\n<div class='location vcard'>\n  <div class='adr'>\n              <div class='street-address'>\n        830 Pine Hill Road              </div>\n              <span class='locality'>Jena</span>,               <span class='region'>LA</span>,               <span class='postal-code'>71342</span>\n                                              </div>\n  </div>\n\n"
MCHENIL,42.3405,-88.4409,McHenry County Adult Correctional Facility,2200 N. Seminary Ave.              ,"<strong><a href='https://www.ice.gov/detention-facility/mchenry-county-adult-correctional-facility'>McHenry County Adult Correctional Facility</a></strong>\n<div class='location vcard'>\n  <div class='adr'>\n              <div class='street-address'>\n        2200 N. Seminary Ave.              </div>\n              <span class='locality'>Woodstock</span>,               <span class='region'>IL</span>,               <span class='postal-code'>60098</span>\n                                              </div>\n  </div>\n\n"
CACFMES,35.38,-119.006,Mesa Verde ICE Processing Facility,425 Golden State Avenue              ,"<strong><a href='https://www.ice.gov/detention-facility/mesa-verde-ice-processing-facility'>Mesa Verde ICE Processing Facility</a></strong>\n<div class='location vcard'>\n  <div class='adr'>\n              <div class='street-address'>\n        425 Golden State Avenue              </div>\n              <span class='locality'>Bakersfield</span>,               <span class='region'>CA</span>,               <span class='postal-code'>93301 </span>\n                                              </div>\n  </div>\n\n"
MONMONJ,40.2677,-74.2871,Monmouth County Correctional Institution,1 Waterworks Road              ,"<strong><a href='https://www.ice.gov/detention-facility/monmouth-county-correctional-institution'>Monmouth County Correctional Institution</a></strong>\n<div class='location vcard'>\n  <div class='adr'>\n              <div class='street-address'>\n        1 Waterworks Road              </div>\n              <span class='locality'>Freehold</span>,               <span class='region'>NJ</span>,               <span class='postal-code'>07728</span>\n                                              </div>\n  </div>\n\n"
MONROMI,41.8956,-83.3933,Monroe County Jail,7000 East Dunbar Road              ,"<strong><a href='https://www.ice.gov/detention-facility/monroe-county-jail'>Monroe County Jail</a></strong>\n<div class='location vcard'>\n  <div class='adr'>\n              <div class='street-address'>\n        7000 East Dunbar Road              </div>\n              <span class='locality'>Monroe</span>,               <span class='region'>MI</span>,               <span class='postal-code'>48161</span>\n                                              </div>\n  </div>\n\n"
MONTGMO,38.9097,-91.5349,Montgomery County Jail,211 East Main              ,"<strong><a href='https://www.ice.gov/detention-facility/montgomery-county-jail'>Montgomery County Jail</a></strong>\n<div class='location vcard'>\n  <div class='adr'>\n              <div class='street-address'>\n        211 East Main              </div>\n              <span class='locality'>Montgomery City</span>,               <span class='region'>MO</span>,               <span class='postal-code'>63361</span>\n                                              </div>\n  </div>\n\n"
MOROWOH,40.56,-82.8067,Morrow County Correctional Facility,101 Home Road              ,"<strong><a href='https://www.ice.gov/detention-facility/morrow-county-correctional-facility'>Morrow County Correctional Facility</a></strong>\n<div class='location vcard'>\n  <div class='adr'>\n              <div class='street-address'>\n        101 Home Road              </div>\n              <span class='locality'>Mt. Gilead</span>,               <span class='region'>OH</span>,               <span class='postal-code'>43338</span>\n                                              </div>\n  </div>\n\n"
NVSDCNV,36.253,-115.975,Nevada Southern Detention Center ,2190 E Mesquite Avenue              ,"<strong><a href='https://www.ice.gov/detention-facility/nevada-southern-detention-center'>Nevada Southern Detention Center </a></strong>\n<div class='location vcard'>\n  <div class='adr'>\n              <div class='street-address'>\n        2190 E Mesquite Avenue              </div>\n              <span class='locality'>Pahrump</span>,               <span class='region'>NV</span>,               <span class='postal-code'>89048</span>\n                                              </div>\n  </div>\n\n"
ORANGNY,41.4049,-74.3595,Orange County Correctional Facility,110 Wells Farm Road              ,"<strong><a href='https://www.ice.gov/detention-facility/orange-county-correctional-facility'>Orange County Correctional Facility</a></strong>\n<div class='location vcard'>\n  <div class='adr'>\n              <div class='street-address'>\n        110 Wells Farm Road              </div>\n              <span class='locality'>Goshen</span>,               <span class='region'>NY</span>,               <span class='postal-code'>10924</span>\n                                              </div>\n  </div>\n\n"
CCASDCA,32.575,-116.915,Otay Mesa Detention Center,7488 Calzada de la Fuente              ,"<strong><a href='https://www.ice.gov/detention-facility/otay-mesa-detention-center'>Otay Mesa Detention Center</a></strong>\n<div class='location vcard'>\n  <div class='adr'>\n              <div class='street-address'>\n        7488 Calzada de la Fuente              </div>\n              <span class='locality'>San Diego</span>,               <span class='region'>CA</span>,               <span class='postal-code'>92231</span>\n                                              </div>\n  </div>\n\n"
OTRPCNM,32.0768,-106.255,Otero County Processing Center,26 McGregor Range Road              ,"<strong><a href='https://www.ice.gov/detention-facility/otero-county-processing-center'>Otero County Processing Center</a></strong>\n<div class='location vcard'>\n  <div class='adr'>\n              <div class='street-address'>\n        26 McGregor Range Road              </div>\n              <span class='locality'>Chaparral</span>,               <span class='region'>NM</span>,               <span class='postal-code'>88081</span>\n                                              </div>\n  </div>\n\n"
PIKCOPA,41.3886,-75.0719,Pike County Correctional Facility,175 Pike County Blvd.              ,"<strong><a href='https://www.ice.gov/detention-facility/pike-county-correctional-facility'>Pike County Correctional Facility</a></strong>\n<div class='location vcard'>\n  <div class='adr'>\n              <div class='street-address'>\n        175 Pike County Blvd.              </div>\n              <span class='locality'>Lords Valley</span>,               <span class='region'>PA</span>,               <span class='postal-code'>18428</span>\n                                              </div>\n  </div>\n\n"
PINEPLA,30.7886,-92.4231,Pine Prairie ICE Processing Center,1133 Hampton Dupre Road              ,"<strong><a href='https://www.ice.gov/detention-facility/pine-prairie-ice-processing-center'>Pine Prairie ICE Processing Center</a></strong>\n<div class='location vcard'>\n  <div class='adr'>\n              <div class='street-address'>\n        1133 Hampton Dupre Road              </div>\n              <span class='locality'>Pine Prairie</span>,               <span class='region'>LA</span>,               <span class='postal-code'>70576</span>\n                                              </div>\n  </div>\n\n"
PLYMOMA,41.9305,-70.6542,Plymouth County Correctional Facility,26 Long Pond Road              ,"<strong><a href='https://www.ice.gov/detention-facility/plymouth-county-correctional-facility'>Plymouth County Correctional Facility</a></strong>\n<div class='location vcard'>\n  <div class='adr'>\n              <div class='street-address'>\n        26 Long Pond Road              </div>\n              <span class='locality'>Plymouth</span>,               <span class='region'>MA</span>,               <span class='postal-code'>02360</span>\n                                              </div>\n  </div>\n\n"
PIC,26.155,-97.3383,Port Isabel Service Processing Center,27991 Buena Vista Blvd.              ,"<strong><a href='https://www.ice.gov/detention-facility/port-isabel-service-processing-center'>Port Isabel Service Processing Center</a></strong>\n<div class='location vcard'>\n  <div class='adr'>\n              <div class='street-address'>\n        27991 Buena Vista Blvd.              </div>\n              <span class='locality'>Los Fresnos</span>,               <span class='region'>TX</span>,               <span class='postal-code'>78566</span>\n                                              </div>\n  </div>\n\n"
PRLDCTX,32.4195,-97.1969,Prairieland Detention Center (PDC),1209 Sunflower Lane              ,"<strong><a href='https://www.ice.gov/detention-facility/prairieland-detention-center-pdc'>Prairieland Detention Center (PDC)</a></strong>\n<div class='location vcard'>\n  <div class='adr'>\n              <div class='street-address'>\n        1209 Sunflower Lane              </div>\n              <span class='locality'>Alvarado</span>,               <span class='region'>TX</span>,               <span class='postal-code'>76009</span>\n                      <div class='tel'>\n        <abbr class='type' title='voice'>Phone:</abbr>\n        <span class='value'>(817) 409-3995</span>\n      </div>\n                                  </div>\n  </div>\n\n"
PULASIL,37.269,-89.1641,Pulaski County Detention Center,1026 Shawnee College Road              ,"<strong><a href='https://www.ice.gov/detention-facility/pulaski-county-detention-center'>Pulaski County Detention Center</a></strong>\n<div class='location vcard'>\n  <div class='adr'>\n              <div class='street-address'>\n        1026 Shawnee College Road              </div>\n              <span class='locality'>Ullin</span>,               <span class='region'>IL</span>,               <span class='postal-code'>62992</span>\n                                              </div>\n  </div>\n\n"
RAADCMN,44.9567,-93.086,Ramsey County Adult Detention Center,425 Grove Street              ,"<strong><a href='https://www.ice.gov/detention-facility/ramsey-county-adult-detention-center'>Ramsey County Adult Detention Center</a></strong>\n<div class='location vcard'>\n  <div class='adr'>\n              <div class='street-address'>\n        425 Grove Street              </div>\n              <span class='locality'>St. Paul</span>,               <span class='region'>MN</span>,               <span class='postal-code'>55101</span>\n                                              </div>\n  </div>\n\n"
RIOCCCA,38.3063,-121.422,Rio Cosumnes Correctional Center,12500 Bruceville Road              ,"<strong><a href='https://www.ice.gov/detention-facility/rio-cosumnes-correctional-center'>Rio Cosumnes Correctional Center</a></strong>\n<div class='location vcard'>\n  <div class='adr'>\n              <div class='street-address'>\n        12500 Bruceville Road              </div>\n              <span class='locality'>Elk Grove</span>,               <span class='region'>CA</span>,               <span class='postal-code'>95757</span>\n                                              </div>\n  </div>\n\n"
RGRNDTX,27.3777,-99.4901,Rio Grande Detention Center,1001 San Rio Blvd              ,"<strong><a href='https://www.ice.gov/detention-facility/rio-grande-detention-center'>Rio Grande Detention Center</a></strong>\n<div class='location vcard'>\n  <div class='adr'>\n              <div class='street-address'>\n        1001 San Rio Blvd              </div>\n              <span class='locality'>Laredo</span>,               <span class='region'>TX</span>,               <span class='postal-code'>78046</span>\n                                              </div>\n  </div>\n\n"
HASKLTX,33.1714,-99.7201,Rolling Plains Correctional Facility,118 County Road 206              ,"<strong><a href='https://www.ice.gov/detention-facility/rolling-plains-correctional-facility'>Rolling Plains Correctional Facility</a></strong>\n<div class='location vcard'>\n  <div class='adr'>\n              <div class='street-address'>\n        118 County Road 206              </div>\n              <span class='locality'>Haskell</span>,               <span class='region'>TX</span>,               <span class='postal-code'>79521</span>\n                                              </div>\n  </div>\n\n"
SACITCA,33.7483,-117.874,Santa Ana City Jail,62 Civic Center Plaza              ,"<strong><a href='https://www.ice.gov/detention-facility/santa-ana-city-jail'>Santa Ana City Jail</a></strong>\n<div class='location vcard'>\n  <div class='adr'>\n              <div class='street-address'>\n        62 Civic Center Plaza              </div>\n              <span class='locality'>Santa Ana</span>,               <span class='region'>CA</span>,               <span class='postal-code'>92701</span>\n                                              </div>\n  </div>\n\n"
SENECOH,41.0796,-83.2082,Seneca County Jail,3040 South State Route 100              ,"<strong><a href='https://www.ice.gov/detention-facility/seneca-county-jail'>Seneca County Jail</a></strong>\n<div class='location vcard'>\n  <div class='adr'>\n              <div class='street-address'>\n        3040 South State Route 100              </div>\n              <span class='locality'>Tiffin</span>,               <span class='region'>OH</span>,               <span class='postal-code'>44883</span>\n                                              </div>\n  </div>\n\n"
SHERBMN,45.3047,-93.6206,Sherburne County Jail Services,13880 Business Center Drive NW              ,"<strong><a href='https://www.ice.gov/detention-facility/sherburne-county-jail-services'>Sherburne County Jail Services</a></strong>\n<div class='location vcard'>\n  <div class='adr'>\n              <div class='street-address'>\n        13880 Business Center Drive NW              </div>\n              <span class='locality'>Elk River</span>,               <span class='region'>MN</span>,               <span class='postal-code'>55330</span>\n                                              </div>\n  </div>\n\n"
STCDFTX,28.895,-99.1212,South Texas Detention Complex,566 Veterans Drive              ,"<strong><a href='https://www.ice.gov/detention-facility/south-texas-detention-complex'>South Texas Detention Complex</a></strong>\n<div class='location vcard'>\n  <div class='adr'>\n              <div class='street-address'>\n        566 Veterans Drive              </div>\n              <span class='locality'>Pearsall</span>,               <span class='region'>TX</span>,               <span class='postal-code'>78061</span>\n                                              </div>\n  </div>\n\n"
STFRCTX,28.6579,-99.2004,South Texas Family Residential Center,300 El Rancho Way              ,"<strong><a href='https://www.ice.gov/detention-facility/south-texas-family-residential-center'>South Texas Family Residential Center</a></strong>\n<div class='location vcard'>\n  <div class='adr'>\n              <div class='street-address'>\n        300 El Rancho Way              </div>\n              <span class='locality'>Dilley</span>,               <span class='region'>TX</span>,               <span class='postal-code'>78017</span>\n                                              </div>\n  </div>\n\n"
STCLAMI,42.9423,-82.4795,St. Clair County Jail,1170 Michigan Road              ,"<strong><a href='https://www.ice.gov/detention-facility/st-clair-county-jail'>St. Clair County Jail</a></strong>\n<div class='location vcard'>\n  <div class='adr'>\n              <div class='street-address'>\n        1170 Michigan Road              </div>\n              <span class='locality'>Port Huron</span>,               <span class='region'>MI</span>,               <span class='postal-code'>48060</span>\n                                              </div>\n  </div>\n\n"
STWRTGA,32.0366,-84.7718,Stewart Detention Center,146 CCA Road              ,"<strong><a href='https://www.ice.gov/detention-facility/stewart-detention-center'>Stewart Detention Center</a></strong>\n<div class='location vcard'>\n  <div class='adr'>\n              <div class='street-address'>\n        146 CCA Road              </div>\n              <span class='locality'>Lumpkin</span>,               <span class='region'>GA</span>,               <span class='postal-code'>31815</span>\n                                              </div>\n  </div>\n\n"
STRAFNH,43.2187,-70.9351,Strafford County House of Corrections,266 County Farm Road              ,"<strong><a href='https://www.ice.gov/detention-facility/strafford-county-house-corrections'>Strafford County House of Corrections</a></strong>\n<div class='location vcard'>\n  <div class='adr'>\n              <div class='street-address'>\n        266 County Farm Road              </div>\n              <span class='locality'>Dover</span>,               <span class='region'>NH</span>,               <span class='postal-code'>03820</span>\n                                              </div>\n  </div>\n\n"
SUFFOMA,42.3344,-71.0677,Suffolk County House of Corrections (South Bay),20 Bradston Street              ,"<strong><a href='https://www.ice.gov/detention-facility/suffolk-county-house-corrections-south-bay'>Suffolk County House of Corrections (South Bay)</a></strong>\n<div class='location vcard'>\n  <div class='adr'>\n              <div class='street-address'>\n        20 Bradston Street              </div>\n              <span class='locality'>Boston</span>,               <span class='region'>MA</span>,               <span class='postal-code'>02118</span>\n                                              </div>\n  </div>\n\n"
CCAHUTX,30.5653,-97.4198,T. Don Hutto Residential Center,1001 Welch St.              ,"<strong><a href='https://www.ice.gov/detention-facility/t-don-hutto-residential-center'>T. Don Hutto Residential Center</a></strong>\n<div class='location vcard'>\n  <div class='adr'>\n              <div class='street-address'>\n        1001 Welch St.              </div>\n              <span class='locality'>Taylor</span>,               <span class='region'>TX</span>,               <span class='postal-code'>76574</span>\n                                              </div>\n  </div>\n\n"
CSCNWWA,47.2491,-122.421,Tacoma Northwest Detention Center,"1623 E J Street, Suite 2              ","<strong><a href='https://www.ice.gov/detention-facility/tacoma-northwest-detention-center'>Tacoma Northwest Detention Center</a></strong>\n<div class='location vcard'>\n  <div class='adr'>\n              <div class='street-address'>\n        1623 E J Street, Suite 2              </div>\n              <span class='locality'>Tacoma</span>,               <span class='region'>WA</span>,               <span class='postal-code'>98421-1615</span>\n                                              </div>\n  </div>\n\n"
TELLECO,38.943,-105.151,Teller County Detention Center,288 County Road 29              ,"<strong><a href='https://www.ice.gov/detention-facility/teller-county-detention-center'>Teller County Detention Center</a></strong>\n<div class='location vcard'>\n  <div class='adr'>\n              <div class='street-address'>\n        288 County Road 29              </div>\n              <span class='locality'>Divide</span>,               <span class='region'>CO</span>,               <span class='postal-code'>80814</span>\n                                              </div>\n  </div>\n\n"
TLACYCA,33.7818,-117.888,Theo Lacy Facility,501 The City Drive              ,"<strong><a href='https://www.ice.gov/detention-facility/theo-lacy-facility'>Theo Lacy Facility</a></strong>\n<div class='location vcard'>\n  <div class='adr'>\n              <div class='street-address'>\n        501 The City Drive              </div>\n              <span class='locality'>South Orange</span>,               <span class='region'>CA</span>,               <span class='postal-code'>92868 </span>\n                                              </div>\n  </div>\n\n"
TOORANM,34.7673,-106.019,Torrance County Detention Facility,209 County Road A049              ,"<strong><a href='https://www.ice.gov/detention-facility/torrance-county-detention-facility'>Torrance County Detention Facility</a></strong>\n<div class='location vcard'>\n  <div class='adr'>\n              <div class='street-address'>\n        209 County Road A049              </div>\n              <span class='locality'>Estancia</span>,               <span class='region'>NM</span>,               <span class='postal-code'>87016</span>\n                                              </div>\n  </div>\n\n"
UTAHCUT,40.1489,-111.66,Utah County Jail,3075 North Main              ,"<strong><a href='https://www.ice.gov/detention-facility/utah-county-jail'>Utah County Jail</a></strong>\n<div class='location vcard'>\n  <div class='adr'>\n              <div class='street-address'>\n        3075 North Main              </div>\n              <span class='locality'>Spanish Fork</span>,               <span class='region'>UT</span>,               <span class='postal-code'>84660</span>\n                                              </div>\n  </div>\n\n"
VALVETX,29.3732,-100.848,Val Verde County Detention Center,253 FM 2523 Hamilton Lane              ,"<strong><a href='https://www.ice.gov/detention-facility/val-verde-county-detention-center'>Val Verde County Detention Center</a></strong>\n<div class='location vcard'>\n  <div class='adr'>\n              <div class='street-address'>\n        253 FM 2523 Hamilton Lane              </div>\n              <span class='locality'>Del Rio</span>,               <span class='region'>TX</span>,               <span class='postal-code'>78840</span>\n                                              </div>\n  </div>\n\n"
VPREGVA,37.2166,-76.6036,Virginia Peninsula Regional Jail,9320 Merrimac Trail              ,"<strong><a href='https://www.ice.gov/detention-facility/virginia-peninsula-regional-jail'>Virginia Peninsula Regional Jail</a></strong>\n<div class='location vcard'>\n  <div class='adr'>\n              <div class='street-address'>\n        9320 Merrimac Trail              </div>\n              <span class='locality'>Williamsburg</span>,               <span class='region'>VA</span>,               <span class='postal-code'>23185 </span>\n                                              </div>\n  </div>\n\n"
WAKULFL,30.1966,-84.3773,Wakulla County Facility,15 Oak Street              ,"<strong><a href='https://www.ice.gov/detention-facility/wakulla-county-facility'>Wakulla County Facility</a></strong>\n<div class='location vcard'>\n  <div class='adr'>\n              <div class='street-address'>\n        15 Oak Street              </div>\n              <span class='locality'>Crawfordville</span>,               <span class='region'>FL</span>,               <span class='postal-code'>32327</span>\n                                              </div>\n  </div>\n\n"
WASHONV,39.5741,-119.811,Washoe County Jail,911 E Parr Blvd              ,"<strong><a href='https://www.ice.gov/detention-facility/washoe-county-jail'>Washoe County Jail</a></strong>\n<div class='location vcard'>\n  <div class='adr'>\n              <div class='street-address'>\n        911 E Parr Blvd              </div>\n              <span class='locality'>Reno</span>,               <span class='region'>NV</span>,               <span class='postal-code'>89512</span>\n                                              </div>\n  </div>\n\n"
WAYNENY,43.0676,-77.0322,Wayne County Jail,7368 Route 31              ,"<strong><a href='https://www.ice.gov/detention-facility/wayne-county-jail'>Wayne County Jail</a></strong>\n<div class='location vcard'>\n  <div class='adr'>\n              <div class='street-address'>\n        7368 Route 31              </div>\n              <span class='locality'>Lyons</span>,               <span class='region'>NY</span>,               <span class='postal-code'>14489</span>\n                                              </div>\n  </div>\n\n"
WEBERUT,41.2445,-111.996,Weber County Correctional Facility,721 W. 12th Street              ,"<strong><a href='https://www.ice.gov/detention-facility/weber-county-correctional-facility'>Weber County Correctional Facility</a></strong>\n<div class='location vcard'>\n  <div class='adr'>\n              <div class='street-address'>\n        721 W. 12th Street              </div>\n              <span class='locality'>Ogden</span>,               <span class='region'>UT</span>,               <span class='postal-code'>84401</span>\n                                              </div>\n  </div>\n\n"
WTXDFTX,31.1666,-105.352,West Texas Detention Facility,401 S. Vaquero Avenue              ,"<strong><a href='https://www.ice.gov/detention-facility/west-texas-detention-facility'>West Texas Detention Facility</a></strong>\n<div class='location vcard'>\n  <div class='adr'>\n              <div class='street-address'>\n        401 S. Vaquero Avenue              </div>\n              <span class='locality'>Sierra Blanca</span>,               <span class='region'>TX</span>,               <span class='postal-code'>79851</span>\n                                              </div>\n  </div>\n\n"
WCRDFTX,26.4676,-97.7681,Willacy County Regional Detention Facility,1601 Buffalo Drive              ,"<strong><a href='https://www.ice.gov/detention-facility/willacy-county-regional-detention-facility'>Willacy County Regional Detention Facility</a></strong>\n<div class='location vcard'>\n  <div class='adr'>\n              <div class='street-address'>\n        1601 Buffalo Drive              </div>\n              <span class='locality'>Raymondville</span>,               <span class='region'>TX</span>,               <span class='postal-code'>78580</span>\n                                              </div>\n  </div>\n\n"
WORCEMD,38.1699,-75.376,Worcester County Detention Center,5022 Joyner Road              ,"<strong><a href='https://www.ice.gov/detention-facility/worcester-county-detention-center'>Worcester County Detention Center</a></strong>\n<div class='location vcard'>\n  <div class='adr'>\n              <div class='street-address'>\n        5022 Joyner Road              </div>\n              <span class='locality'>Snow Hill</span>,               <span class='region'>MD</span>,               <span class='postal-code'>21863</span>\n                                              </div>\n  </div>\n\n"
YORCOPA,39.9865,-76.6608,York County Prison,3400 Concord Road              ,"<strong><a href='https://www.ice.gov/detention-facility/york-county-prison'>York County Prison</a></strong>\n<div class='location vcard'>\n  <div class='adr'>\n              <div class='street-address'>\n        3400 Concord Road              </div>\n              <span class='locality'>York</span>,               <span class='region'>PA</span>,               <span class='postal-code'>17402</span>\n                                              </div>\n  </div>\n\n"
YUBAJCA,39.1411,-121.587,Yuba County Jail,215 5th St.              ,"<strong><a href='https://www.ice.gov/detention-facility/yuba-county-jail'>Yuba County Jail</a></strong>\n<div class='location vcard'>\n  <div class='adr'>\n              <div class='street-address'>\n        215 5th St.              </div>\n              <span class='locality'>Marysville</span>,               <span class='region'>CA</span>,               <span class='postal-code'>95901</span>\n                                              </div>\n  </div>\n\n"